Pos,Age,G,GS,MP,FG,FGA,FG%,3P,3PA,3P%,2P,2PA,2P%,eFG%,FT,FTA,FT%,ORB,DRB,TRB,AST,STL,BLK,TOV,PF,PTS
2,25.0,29.0,2.0,19.8,1.9,5.3,0.359,1.4,4.3,0.323,0.5,1.0,0.517,0.49,0.4,0.4,0.923,0.2,1.4,1.6,0.7,0.6,0.2,0.5,1.8,5.6
1,22.0,8.0,0.0,3.4,0.3,0.8,0.333,0.3,0.6,0.4,0.0,0.1,0.0,0.5,0.0,0.0,0.0,0.0,0.4,0.4,0.5,0.1,0.1,0.1,0.0,0.8
5,25.0,37.0,37.0,33.8,6.4,10.9,0.591,0.0,0.0,0.0,6.4,10.9,0.592,0.591,2.5,4.6,0.535,4.9,5.3,10.2,1.8,1.4,0.8,1.5,2.5,15.3
5,21.0,37.0,5.0,21.1,2.9,5.3,0.546,0.0,0.2,0.167,2.9,5.1,0.558,0.548,1.9,2.7,0.717,2.1,4.8,6.9,2.1,0.6,0.8,1.3,2.7,7.7
2,25.0,7.0,0.0,3.1,0.4,1.4,0.3,0.0,0.6,0.0,0.4,0.9,0.5,0.3,0.1,0.3,0.5,0.1,0.4,0.6,0.9,0.3,0.0,0.3,0.6,1.0
5,33.0,39.0,39.0,32.4,8.0,15.9,0.502,0.1,0.4,0.143,7.9,15.6,0.51,0.503,3.9,4.7,0.83,2.9,5.9,8.8,2.3,0.5,1.1,1.8,2.1,19.9
2,21.0,2.0,0.0,2.0,0.5,2.0,0.25,0.5,0.5,1.0,0.0,1.5,0.0,0.375,0.0,0.0,0.0,1.5,0.0,1.5,1.0,0.5,0.0,0.0,0.0,1.5
2,23.0,17.0,1.0,9.7,1.2,3.6,0.323,0.6,2.4,0.268,0.5,1.2,0.429,0.411,1.1,1.5,0.72,0.1,0.2,0.3,0.4,0.1,0.0,0.6,1.1,4.1
5,20.0,38.0,38.0,26.7,4.4,7.7,0.577,0.1,0.7,0.16,4.3,7.0,0.617,0.584,2.6,3.6,0.73,2.7,5.6,8.3,1.5,0.6,1.4,1.3,2.4,11.6
4,28.0,39.0,39.0,30.1,3.2,7.4,0.433,1.4,3.9,0.357,1.8,3.5,0.519,0.528,1.7,2.1,0.838,1.5,6.7,8.2,0.9,0.9,0.4,0.8,2.2,9.5
2,25.0,20.0,0.0,8.8,1.3,3.2,0.391,0.3,1.5,0.207,1.0,1.8,0.543,0.438,0.5,0.7,0.769,0.5,1.2,1.7,0.5,0.5,0.3,0.5,1.0,3.3
3,25.0,37.0,34.0,30.1,3.5,6.5,0.548,0.2,0.8,0.258,3.3,5.6,0.591,0.565,0.8,1.4,0.566,1.1,5.0,6.1,3.1,1.3,0.8,1.3,2.6,8.1
4,30.0,15.0,8.0,18.5,1.3,4.0,0.317,0.5,2.3,0.206,0.8,1.7,0.462,0.375,0.7,0.9,0.786,0.9,2.1,3.0,1.1,0.2,0.1,0.8,1.5,3.7
5,20.0,3.0,0.0,2.0,0.0,1.0,0.0,0.0,0.0,0.0,0.0,1.0,0.0,0.0,0.0,0.0,0.0,0.3,0.7,1.0,0.3,0.0,0.3,0.3,0.0,0.0
4,24.0,35.0,35.0,33.3,9.7,16.6,0.588,0.3,2.3,0.15,9.4,14.3,0.658,0.598,6.2,8.9,0.695,2.4,10.1,12.5,6.2,1.3,1.6,4.1,3.4,26.0
4,34.0,10.0,2.0,29.4,4.9,12.1,0.405,2.1,6.4,0.328,2.8,5.7,0.491,0.492,1.5,2.2,0.682,0.9,4.5,5.4,0.5,0.4,0.7,0.8,3.2,13.4
3,21.0,34.0,5.0,20.7,3.0,6.9,0.438,1.1,3.4,0.333,1.9,3.4,0.543,0.521,0.3,0.8,0.321,0.8,2.2,3.0,0.7,0.6,0.3,0.7,2.1,7.4
1,24.0,38.0,23.0,27.4,2.2,5.1,0.44,1.3,3.4,0.389,0.9,1.6,0.548,0.573,0.7,0.8,0.833,0.3,2.3,2.6,3.6,1.1,0.0,0.9,2.3,6.5
3,33.0,35.0,35.0,35.4,3.8,10.2,0.372,2.1,6.1,0.349,1.7,4.1,0.406,0.476,1.5,1.8,0.844,0.6,4.9,5.5,3.6,1.6,0.2,1.7,1.8,11.3
1,31.0,37.0,37.0,28.1,3.6,7.9,0.459,1.7,3.9,0.434,1.9,4.0,0.483,0.566,2.3,2.6,0.896,0.5,1.7,2.2,5.0,0.5,0.0,1.4,1.4,11.3
5,20.0,40.0,39.0,31.3,7.4,12.2,0.607,0.0,0.1,0.0,7.4,12.1,0.61,0.607,1.9,2.5,0.77,3.3,7.5,10.8,2.2,0.8,0.9,1.9,2.8,16.7
2,23.0,18.0,0.0,12.6,2.2,4.1,0.527,0.6,1.1,0.5,1.6,3.0,0.537,0.595,0.6,0.7,0.833,0.1,1.7,1.8,0.8,0.2,0.0,0.7,1.4,5.4
4,19.0,26.0,0.0,23.1,4.8,9.0,0.536,0.3,1.0,0.346,4.5,8.0,0.56,0.556,2.7,4.0,0.683,2.4,3.7,6.1,0.9,0.4,1.0,1.7,2.0,12.7
2,25.0,14.0,0.0,10.7,0.3,1.4,0.2,0.1,0.9,0.077,0.2,0.5,0.429,0.225,0.4,0.4,0.833,0.1,0.7,0.8,1.1,0.4,0.1,0.4,1.3,1.0
1,22.0,13.0,0.0,5.5,0.6,2.0,0.308,0.2,0.5,0.286,0.5,1.5,0.316,0.346,0.6,0.8,0.727,0.1,0.6,0.7,0.8,0.0,0.2,0.8,0.5,2.0
1,21.0,39.0,37.0,29.8,3.8,9.3,0.408,1.5,4.6,0.331,2.3,4.7,0.484,0.49,0.5,1.1,0.429,1.1,4.1,5.1,5.0,1.5,0.4,2.3,2.4,9.6
5,20.0,37.0,1.0,16.8,2.6,5.5,0.468,0.5,1.7,0.286,2.1,3.8,0.549,0.512,0.7,1.4,0.54,1.4,3.5,4.8,0.9,0.3,1.4,0.8,2.3,6.4
1,34.0,35.0,0.0,19.8,4.2,10.0,0.42,1.0,3.4,0.305,3.2,6.6,0.478,0.471,1.5,2.1,0.712,0.3,2.1,2.5,5.7,0.6,0.0,1.9,1.3,10.9
3,26.0,34.0,34.0,32.0,6.3,14.6,0.432,2.7,6.4,0.426,3.6,8.3,0.436,0.524,3.2,3.9,0.82,0.8,3.4,4.2,1.1,0.8,0.3,1.4,1.7,18.6
2,28.0,2.0,2.0,27.0,6.0,10.5,0.571,2.5,4.5,0.556,3.5,6.0,0.583,0.69,2.0,2.0,1.0,0.0,5.0,5.0,3.0,0.5,1.0,1.5,2.5,16.5
3,23.0,2.0,0.0,9.0,1.0,4.0,0.25,0.0,2.0,0.0,1.0,2.0,0.5,0.25,0.0,0.0,0.0,0.0,1.5,1.5,0.0,0.0,0.5,0.0,0.5,2.0
3,30.0,37.0,37.0,30.5,3.4,7.3,0.458,1.3,3.3,0.402,2.0,4.0,0.503,0.548,0.8,0.9,0.824,0.9,4.2,5.1,3.4,0.8,0.4,1.6,1.8,8.8
1,30.0,6.0,0.0,9.5,0.8,3.5,0.238,0.5,1.8,0.273,0.3,1.7,0.2,0.31,0.2,0.5,0.333,0.2,0.7,0.8,1.7,0.3,0.0,0.8,0.8,2.3
5,32.0,25.0,9.0,14.2,1.9,4.2,0.452,0.5,1.5,0.324,1.4,2.7,0.522,0.51,1.2,1.4,0.861,1.6,2.7,4.2,1.2,0.2,0.4,0.7,2.2,5.5
2,29.0,35.0,30.0,27.4,5.1,11.5,0.441,1.5,4.7,0.327,3.5,6.7,0.521,0.509,2.3,3.1,0.752,0.6,3.4,4.0,2.6,1.7,0.9,2.1,2.7,14.0
2,25.0,39.0,39.0,36.7,8.9,18.9,0.468,2.4,7.0,0.341,6.5,11.9,0.543,0.531,3.7,4.7,0.789,1.0,4.0,4.9,4.8,1.2,0.8,2.6,3.0,23.9
2,22.0,36.0,0.0,20.8,3.6,7.9,0.458,1.6,4.1,0.401,2.0,3.8,0.518,0.562,0.6,0.6,0.909,0.4,2.2,2.6,1.2,0.6,0.1,0.5,1.4,9.4
4,30.0,11.0,0.0,7.5,1.9,3.6,0.525,0.1,0.4,0.25,1.8,3.3,0.556,0.538,0.6,0.9,0.7,0.3,1.4,1.6,0.4,0.2,0.0,0.6,1.5,4.5
2,32.0,38.0,0.0,21.8,3.4,8.6,0.396,1.8,4.8,0.364,1.6,3.7,0.437,0.498,1.3,1.5,0.877,0.2,2.0,2.3,1.9,0.5,0.1,0.8,1.5,9.9
5,24.0,37.0,1.0,11.5,1.1,2.1,0.526,0.0,0.0,0.0,1.1,2.1,0.532,0.526,0.4,0.5,0.65,0.7,2.0,2.7,1.2,0.4,0.8,0.5,1.4,2.6
2,24.0,38.0,2.0,23.4,3.2,7.7,0.419,0.8,2.4,0.315,2.4,5.2,0.467,0.469,1.1,1.8,0.609,0.6,3.7,4.3,2.5,1.3,0.7,1.6,2.3,8.3
4,21.0,12.0,0.0,8.3,0.8,2.1,0.36,0.2,1.2,0.143,0.6,0.9,0.636,0.4,0.5,0.6,0.857,0.4,1.1,1.5,0.6,0.1,0.1,0.5,0.7,2.2
4,26.0,35.0,4.0,18.8,2.6,5.3,0.495,1.9,3.9,0.485,0.7,1.4,0.521,0.674,0.6,0.7,0.917,0.4,2.7,3.2,1.0,0.4,0.4,0.5,1.5,7.7
1,30.0,38.0,16.0,24.8,2.3,5.9,0.381,1.3,3.5,0.361,1.0,2.4,0.409,0.487,1.3,1.7,0.778,0.8,2.9,3.7,3.4,0.6,0.3,1.1,3.6,7.1
5,26.0,14.0,0.0,7.4,0.8,1.6,0.478,0.0,0.1,0.0,0.8,1.6,0.5,0.478,0.7,0.9,0.833,0.6,1.2,1.8,0.3,0.4,0.2,0.2,0.8,2.3
5,26.0,12.0,0.0,8.3,1.0,1.6,0.632,0.0,0.0,0.0,1.0,1.6,0.632,0.632,0.5,1.1,0.462,0.6,1.7,2.3,0.3,0.1,0.8,0.3,1.8,2.5
4,30.0,38.0,37.0,25.0,4.2,8.4,0.502,1.6,3.7,0.436,2.6,4.8,0.552,0.597,1.1,1.5,0.768,1.6,4.6,6.2,2.0,0.8,0.9,1.4,2.7,11.2
2,22.0,31.0,0.0,15.9,3.4,8.0,0.423,0.9,2.1,0.453,2.5,5.9,0.413,0.482,1.0,1.5,0.667,0.2,1.8,1.9,0.5,0.3,0.2,0.7,0.7,8.7
1,29.0,37.0,37.0,29.5,5.9,11.9,0.498,1.5,4.5,0.327,4.5,7.4,0.6,0.559,2.1,2.8,0.75,1.1,3.4,4.5,5.5,1.3,0.4,2.1,2.3,15.4
3,25.0,15.0,4.0,18.1,1.7,3.9,0.424,0.6,1.8,0.333,1.1,2.1,0.5,0.5,0.4,0.5,0.857,1.1,2.9,4.0,0.5,0.4,0.3,0.5,0.6,4.3
2,26.0,26.0,4.0,27.7,5.7,12.8,0.44,2.1,5.7,0.369,3.5,7.1,0.497,0.522,2.2,2.8,0.806,0.5,2.9,3.4,3.7,0.8,0.2,1.6,2.1,15.7
3,29.0,38.0,38.0,31.8,5.7,11.3,0.503,2.0,4.4,0.449,3.7,6.9,0.538,0.591,2.8,3.4,0.829,0.5,3.4,3.9,1.7,0.9,0.0,1.8,1.6,16.2
4,23.0,14.0,1.0,10.7,1.2,2.6,0.472,0.2,1.4,0.158,1.0,1.2,0.824,0.514,0.3,0.6,0.5,0.8,2.1,2.9,0.4,0.2,0.6,0.6,1.7,2.9
1,19.0,5.0,0.0,3.4,0.4,1.4,0.286,0.0,0.2,0.0,0.4,1.2,0.333,0.286,0.4,0.6,0.667,0.4,0.4,0.8,0.6,0.6,0.0,0.4,0.6,1.2
2,22.0,30.0,30.0,36.0,9.0,19.8,0.452,2.3,7.1,0.324,6.7,12.7,0.524,0.51,5.2,6.2,0.843,0.6,3.2,3.8,7.1,1.1,0.2,3.9,3.5,25.4
4,26.0,10.0,0.0,5.0,1.1,2.4,0.458,0.7,1.5,0.467,0.4,0.9,0.444,0.604,0.6,0.8,0.75,0.6,1.0,1.6,0.0,0.2,1.3,0.2,0.9,3.5
2,28.0,32.0,32.0,29.2,3.2,8.1,0.388,0.9,3.0,0.289,2.3,5.1,0.448,0.442,0.4,0.5,0.8,0.6,1.8,2.5,2.0,0.6,0.4,1.3,3.0,7.6
5,21.0,1.0,0.0,9.0,0.0,3.0,0.0,0.0,0.0,0.0,0.0,3.0,0.0,0.0,0.0,0.0,0.0,2.0,1.0,3.0,0.0,0.0,0.0,1.0,1.0,0.0
3,22.0,40.0,26.0,26.3,2.8,6.7,0.416,1.3,3.8,0.34,1.5,2.9,0.517,0.513,0.9,1.1,0.833,0.6,2.3,2.8,1.5,1.4,0.5,0.7,2.4,7.8
3,20.0,35.0,0.0,19.9,2.7,5.9,0.447,0.8,2.5,0.326,1.8,3.4,0.538,0.517,0.9,1.2,0.767,0.6,3.1,3.7,1.0,0.6,0.7,0.7,1.4,7.1
1,22.0,16.0,0.0,7.4,0.8,2.1,0.394,0.1,0.3,0.25,0.8,1.8,0.414,0.409,0.1,0.3,0.4,0.0,0.5,0.5,0.7,0.0,0.0,0.4,0.6,1.8
2,28.0,16.0,0.0,5.0,0.6,1.7,0.37,0.4,1.4,0.273,0.3,0.3,0.8,0.481,0.1,0.1,1.0,0.1,0.8,0.9,0.2,0.1,0.1,0.1,0.3,1.8
2,26.0,34.0,34.0,29.2,5.9,11.4,0.514,1.7,3.9,0.433,4.2,7.5,0.557,0.589,1.9,1.9,0.984,1.0,3.6,4.6,3.3,0.6,0.2,1.7,1.6,15.3
3,23.0,17.0,0.0,18.4,2.5,6.5,0.387,0.7,2.1,0.343,1.8,4.5,0.408,0.441,1.3,1.7,0.759,0.5,1.3,1.8,0.9,0.6,0.2,1.1,2.7,7.1
2,30.0,29.0,0.0,13.3,2.6,5.8,0.45,0.5,1.9,0.278,2.1,4.0,0.53,0.494,0.8,1.1,0.697,0.4,1.1,1.6,0.9,0.3,0.1,0.7,1.1,6.6
2,22.0,29.0,12.0,18.7,1.8,4.7,0.39,0.3,1.4,0.244,1.5,3.3,0.453,0.426,0.6,0.9,0.68,0.8,1.9,2.8,1.1,0.5,0.5,0.6,2.6,4.6
2,22.0,33.0,21.0,26.6,4.7,10.6,0.443,1.1,3.7,0.295,3.6,6.9,0.522,0.494,1.8,2.7,0.659,1.0,3.0,4.0,1.5,0.8,0.6,1.5,2.7,12.2
1,28.0,25.0,0.0,8.4,0.9,2.8,0.324,0.2,1.1,0.214,0.7,1.7,0.395,0.366,0.1,0.1,1.0,0.2,1.0,1.2,1.1,0.5,0.2,0.6,0.9,2.2
2,23.0,27.0,0.0,14.3,1.9,4.2,0.447,0.7,2.0,0.333,1.2,2.2,0.55,0.526,0.3,0.4,0.8,0.5,2.4,2.9,1.0,0.3,0.1,0.5,1.3,4.7
3,19.0,18.0,0.0,6.9,0.9,2.4,0.364,0.2,0.6,0.3,0.7,1.9,0.382,0.398,0.5,0.7,0.75,0.2,1.1,1.3,0.9,0.3,0.1,0.3,0.5,2.4
1,22.0,32.0,9.0,16.1,2.4,5.4,0.439,0.4,1.7,0.264,1.9,3.8,0.517,0.48,0.7,1.1,0.611,0.3,1.1,1.4,1.9,0.6,0.0,0.7,1.3,5.9
5,21.0,29.0,23.0,17.8,3.4,5.1,0.662,0.2,0.9,0.24,3.2,4.2,0.748,0.682,1.4,1.7,0.857,1.1,4.0,5.1,0.9,0.4,0.8,0.6,1.3,8.4
2,27.0,28.0,28.0,29.7,3.9,9.5,0.414,2.4,6.0,0.393,1.6,3.5,0.449,0.538,1.4,1.6,0.886,0.4,2.0,2.4,2.3,0.6,0.1,1.2,1.8,11.6
1,26.0,26.0,5.0,19.7,4.2,10.2,0.41,0.9,2.6,0.353,3.3,7.6,0.429,0.455,1.8,2.2,0.828,0.6,1.6,2.2,2.8,0.7,0.1,0.9,0.8,11.2
2,27.0,36.0,10.0,22.6,3.4,8.8,0.392,1.1,3.0,0.367,2.3,5.8,0.406,0.456,2.0,2.5,0.809,0.4,3.1,3.4,2.0,0.6,0.4,1.1,1.4,10.0
2,25.0,15.0,0.0,8.7,1.3,3.1,0.435,0.3,0.9,0.308,1.1,2.2,0.485,0.478,0.3,0.4,0.833,0.1,1.0,1.1,0.3,0.2,0.3,0.5,1.1,3.3
2,29.0,31.0,31.0,33.1,6.7,14.5,0.465,1.4,3.6,0.384,5.4,10.9,0.493,0.513,4.2,5.0,0.844,1.6,3.2,4.8,3.6,2.0,0.7,1.5,1.8,19.1
1,37.0,30.0,0.0,14.1,1.0,2.9,0.33,0.2,1.4,0.163,0.7,1.5,0.489,0.369,0.2,0.2,0.714,0.2,1.2,1.4,2.6,0.4,0.1,0.7,1.4,2.3
2,25.0,39.0,4.0,23.2,3.3,7.7,0.422,1.7,4.6,0.367,1.6,3.1,0.504,0.532,1.9,2.1,0.892,0.5,2.2,2.6,1.0,0.8,0.1,0.5,1.6,10.1
1,27.0,19.0,15.0,26.5,2.7,6.8,0.395,1.3,3.8,0.347,1.4,3.0,0.456,0.492,0.8,1.1,0.75,0.3,2.3,2.6,3.3,0.6,0.0,1.5,2.4,7.5
5,24.0,37.0,37.0,34.2,7.5,11.8,0.636,0.0,0.0,0.0,7.5,11.8,0.636,0.636,2.3,3.8,0.599,5.0,7.7,12.7,1.4,0.6,1.9,1.6,2.8,17.3
3,32.0,29.0,0.0,23.9,3.1,8.0,0.39,1.6,4.4,0.349,1.6,3.5,0.441,0.487,2.4,3.1,0.787,0.9,4.0,4.9,1.0,0.3,0.1,1.1,1.6,10.2
1,23.0,6.0,0.0,13.2,1.3,4.0,0.333,0.3,2.0,0.167,1.0,2.0,0.5,0.375,0.0,0.0,0.0,0.0,0.8,0.8,1.2,0.8,0.2,0.7,2.0,3.0
3,42.0,35.0,8.0,17.5,2.6,6.4,0.408,1.5,4.1,0.372,1.1,2.2,0.474,0.529,0.6,0.7,0.769,0.4,2.3,2.7,1.1,0.6,0.3,0.7,1.7,7.3
5,19.0,39.0,39.0,25.2,4.2,8.6,0.488,0.1,0.7,0.179,4.1,7.8,0.516,0.496,2.0,2.6,0.782,2.0,4.9,6.9,1.8,0.6,1.4,1.5,3.5,10.5
1,27.0,16.0,1.0,9.1,1.6,3.8,0.41,0.4,1.2,0.368,1.1,2.6,0.429,0.467,0.8,1.6,0.462,0.2,0.6,0.8,1.3,0.6,0.4,0.6,1.7,4.3
2,24.0,2.0,0.0,2.5,0.0,0.0,0.0,0.0,0.0,0.0,0.0,0.0,0.0,0.0,0.0,0.0,0.0,0.5,0.0,0.5,0.0,0.0,0.0,0.0,1.0,0.0
3,30.0,27.0,0.0,11.9,1.9,3.5,0.537,0.3,1.0,0.333,1.6,2.5,0.618,0.584,1.0,1.6,0.643,0.3,2.6,2.9,0.8,0.3,0.2,0.5,0.8,5.1
5,25.0,38.0,38.0,28.8,5.9,11.2,0.529,0.0,0.0,1.0,5.9,11.2,0.528,0.531,1.8,3.3,0.535,2.2,6.4,8.6,2.5,1.1,0.6,1.2,3.0,13.7
1,23.0,2.0,0.0,4.5,1.0,2.0,0.5,0.5,1.0,0.5,0.5,1.0,0.5,0.625,0.0,0.0,0.0,0.0,1.0,1.0,1.5,0.5,0.0,0.0,0.0,2.5
5,36.0,35.0,2.0,18.3,1.3,2.2,0.61,0.0,0.0,0.0,1.3,2.2,0.618,0.61,1.1,1.8,0.635,2.0,4.7,6.8,0.8,0.5,0.4,0.9,2.4,3.8
4,31.0,25.0,21.0,25.7,2.5,5.7,0.444,1.1,3.0,0.378,1.4,2.7,0.515,0.542,0.3,0.5,0.667,1.3,3.5,4.8,1.9,0.4,0.4,1.1,2.7,6.5
4,21.0,10.0,0.0,5.7,0.8,2.2,0.364,0.1,1.0,0.1,0.7,1.2,0.583,0.386,0.2,0.3,0.667,0.3,0.8,1.1,0.3,0.1,0.2,0.5,0.9,1.9
4,24.0,26.0,0.0,15.4,1.0,3.3,0.302,0.8,3.0,0.278,0.2,0.3,0.571,0.43,0.2,0.2,1.0,0.5,2.2,2.7,0.5,0.4,0.7,0.1,1.2,3.1
2,27.0,28.0,0.0,14.0,1.4,4.1,0.351,0.6,2.0,0.291,0.9,2.1,0.407,0.421,0.4,0.4,0.917,0.2,1.3,1.5,1.3,0.3,0.1,0.8,1.5,3.8
2,26.0,38.0,0.0,26.4,6.6,14.6,0.453,1.7,5.2,0.333,4.9,9.4,0.52,0.513,1.8,2.1,0.861,1.0,2.3,3.3,2.3,0.7,0.2,1.7,1.6,16.8
4,21.0,22.0,20.0,29.5,7.6,13.3,0.572,0.7,2.4,0.302,6.9,10.9,0.632,0.599,2.6,3.7,0.695,3.6,6.5,10.2,2.5,0.1,0.5,2.2,3.3,18.5
5,21.0,39.0,0.0,18.7,2.6,5.4,0.483,0.5,1.7,0.292,2.1,3.7,0.568,0.528,1.3,1.6,0.813,1.3,2.9,4.2,0.9,0.3,0.8,1.1,2.4,7.1
1,31.0,38.0,38.0,27.7,3.4,7.6,0.449,0.9,2.5,0.383,2.4,5.1,0.482,0.512,1.4,1.9,0.775,0.5,2.4,2.9,5.5,1.4,0.2,1.5,1.9,9.2
1,31.0,37.0,37.0,34.2,6.8,16.4,0.416,2.1,6.2,0.345,4.7,10.2,0.459,0.481,4.4,5.2,0.845,0.6,2.9,3.5,6.2,1.3,0.4,1.8,1.7,20.2
2,26.0,26.0,1.0,18.7,2.3,5.7,0.409,1.0,3.4,0.281,1.4,2.3,0.6,0.493,0.5,0.8,0.7,0.9,2.9,3.8,2.1,0.5,0.6,0.4,1.2,6.2
1,25.0,34.0,8.0,15.5,3.0,6.4,0.468,1.2,2.8,0.442,1.7,3.6,0.488,0.565,0.4,0.5,0.765,0.3,2.0,2.3,1.7,0.4,0.1,0.8,1.4,7.6
3,28.0,35.0,35.0,34.4,4.5,10.3,0.431,2.4,6.4,0.378,2.0,3.9,0.518,0.548,1.9,2.5,0.764,0.8,4.7,5.5,1.3,2.1,1.3,1.3,3.6,13.3
2,26.0,28.0,15.0,26.1,3.0,8.9,0.343,2.3,6.0,0.387,0.7,2.9,0.25,0.474,1.1,1.4,0.789,0.5,3.0,3.5,1.1,0.6,0.3,1.1,2.4,9.5
3,28.0,31.0,25.0,20.9,2.1,5.2,0.413,0.7,2.6,0.272,1.4,2.5,0.557,0.481,0.5,0.8,0.615,1.4,2.3,3.7,0.9,0.4,0.5,0.8,2.5,5.5
2,38.0,35.0,0.0,17.0,2.1,6.2,0.346,0.7,2.6,0.272,1.4,3.6,0.4,0.403,1.3,1.5,0.833,0.1,1.0,1.1,3.2,0.4,0.2,1.4,1.2,6.3
3,28.0,38.0,6.0,27.2,4.1,9.7,0.425,2.2,6.1,0.352,1.9,3.5,0.552,0.537,2.2,2.9,0.745,0.7,4.1,4.7,1.5,0.7,0.4,0.9,2.0,12.5
4,31.0,36.0,21.0,18.8,1.5,3.1,0.473,0.7,1.4,0.5,0.8,1.7,0.452,0.585,0.3,0.3,0.833,1.1,3.1,4.2,1.0,0.6,0.3,0.5,1.6,3.9
2,28.0,33.0,1.0,16.9,2.0,4.8,0.414,1.3,2.6,0.494,0.7,2.1,0.314,0.551,0.2,0.2,1.0,0.3,1.1,1.3,0.9,0.3,0.1,0.7,1.3,5.5
1,30.0,28.0,28.0,34.7,9.6,19.8,0.488,4.9,11.0,0.447,4.7,8.7,0.541,0.613,4.7,5.2,0.91,0.6,4.5,5.1,5.3,1.3,0.4,3.1,2.6,28.9
2,27.0,17.0,0.0,14.4,2.2,5.2,0.42,1.6,4.0,0.397,0.6,1.2,0.5,0.574,0.4,0.5,0.875,0.3,1.1,1.4,0.5,0.8,0.1,0.8,1.5,6.4
5,25.0,34.0,34.0,37.3,10.4,20.5,0.506,1.0,3.1,0.324,9.4,17.4,0.538,0.53,6.9,8.6,0.803,3.4,10.0,13.4,4.4,1.7,2.6,2.1,2.5,28.7
5,29.0,39.0,1.0,18.0,2.4,3.9,0.623,0.0,0.1,0.0,2.4,3.8,0.631,0.623,0.8,1.6,0.525,3.0,5.4,8.4,0.7,0.5,0.4,0.8,2.8,5.6
5,21.0,1.0,0.0,1.0,0.0,1.0,0.0,0.0,0.0,0.0,0.0,1.0,0.0,0.0,0.0,0.0,0.0,1.0,0.0,1.0,0.0,0.0,0.0,0.0,0.0,0.0
5,29.0,30.0,19.0,24.2,3.6,7.6,0.467,1.0,2.8,0.365,2.5,4.8,0.528,0.535,1.4,1.6,0.837,1.5,5.9,7.4,1.2,1.1,1.0,1.5,3.4,9.5
3,24.0,21.0,5.0,17.0,3.1,6.0,0.52,0.3,1.1,0.292,2.8,4.8,0.574,0.548,0.4,0.6,0.75,1.0,2.3,3.3,0.9,1.1,0.1,0.5,1.2,7.0
1,28.0,23.0,0.0,13.5,1.9,4.1,0.457,1.0,2.2,0.431,0.9,1.9,0.488,0.574,0.6,0.7,0.933,0.0,1.2,1.2,3.0,0.3,0.0,1.3,1.3,5.3
3,33.0,4.0,0.0,8.0,1.3,3.3,0.385,0.0,1.3,0.0,1.3,2.0,0.625,0.385,0.5,0.8,0.667,1.5,1.5,3.0,0.3,0.8,0.3,0.5,0.8,3.0
2,29.0,39.0,39.0,35.1,8.7,18.2,0.477,0.2,1.0,0.175,8.5,17.2,0.495,0.482,5.3,6.3,0.841,0.7,5.4,6.1,6.4,1.0,0.5,2.4,2.2,22.8
3,22.0,5.0,0.0,4.4,0.4,1.4,0.286,0.2,0.6,0.333,0.2,0.8,0.25,0.357,0.4,0.4,1.0,0.2,0.4,0.6,0.0,0.0,0.0,0.4,1.0,1.4
4,22.0,27.0,0.0,9.7,1.4,2.4,0.569,0.0,0.0,0.0,1.4,2.4,0.578,0.569,0.6,0.8,0.773,0.9,2.8,3.7,0.3,0.4,0.5,0.7,1.3,3.4
2,20.0,32.0,2.0,12.5,2.0,4.2,0.481,0.1,0.7,0.19,1.9,3.5,0.536,0.496,0.9,1.4,0.644,0.9,1.4,2.4,0.4,0.5,0.3,0.6,1.8,5.0
5,29.0,39.0,0.0,13.7,2.2,4.4,0.497,0.2,0.7,0.259,2.0,3.7,0.542,0.518,1.1,1.3,0.86,0.9,3.2,4.1,0.7,0.5,0.6,0.7,1.8,5.6
1,25.0,40.0,4.0,28.8,5.7,12.3,0.462,2.1,5.5,0.374,3.6,6.8,0.533,0.546,4.0,5.1,0.789,0.5,2.1,2.5,5.2,0.6,0.3,2.3,2.9,17.4
2,22.0,23.0,0.0,15.6,1.8,4.7,0.393,0.7,3.0,0.246,1.1,1.7,0.658,0.472,0.4,0.5,0.818,0.6,1.9,2.4,1.2,0.5,0.3,0.8,1.5,4.8
4,19.0,37.0,37.0,31.9,6.4,14.7,0.436,2.4,6.3,0.38,4.0,8.4,0.479,0.518,4.3,5.7,0.757,1.1,5.5,6.6,5.0,1.0,0.3,3.4,1.8,19.5
2,22.0,19.0,0.0,10.2,1.4,3.9,0.365,0.3,1.6,0.2,1.1,2.3,0.477,0.405,0.8,1.3,0.625,0.4,1.5,1.8,0.7,0.3,0.1,0.4,0.8,3.9
2,24.0,30.0,9.0,25.1,3.9,8.8,0.443,1.4,3.8,0.36,2.5,5.0,0.507,0.521,0.8,1.1,0.719,0.7,3.0,3.7,1.1,1.0,0.1,0.7,1.8,9.9
1,22.0,4.0,0.0,2.5,0.8,1.5,0.5,0.3,0.5,0.5,0.5,1.0,0.5,0.583,0.0,0.0,0.0,0.5,0.5,1.0,0.0,0.0,0.0,0.0,0.3,1.8
1,32.0,14.0,14.0,29.1,5.5,13.4,0.41,1.6,5.0,0.314,3.9,8.4,0.466,0.468,2.7,3.6,0.76,0.6,2.5,3.1,4.9,0.7,0.3,2.5,2.1,15.3
5,25.0,36.0,36.0,33.0,7.2,14.3,0.5,0.1,0.7,0.16,7.1,13.6,0.517,0.504,2.7,5.1,0.524,5.4,9.5,14.9,1.3,1.5,1.8,2.4,3.4,17.1
4,33.0,40.0,22.0,22.3,1.8,4.5,0.406,0.9,2.9,0.325,0.9,1.7,0.545,0.508,0.6,0.9,0.629,0.6,2.2,2.8,1.5,0.7,0.3,0.8,2.5,5.1
1,24.0,13.0,11.0,30.6,5.8,11.9,0.484,0.5,1.5,0.35,5.2,10.4,0.504,0.506,1.6,2.1,0.778,0.1,4.8,4.8,6.8,1.2,0.2,2.5,3.9,13.7
4,30.0,39.0,39.0,35.9,9.8,19.5,0.504,1.8,4.9,0.365,8.0,14.6,0.551,0.55,7.0,7.7,0.913,0.5,7.0,7.5,6.1,0.8,1.0,3.4,1.9,28.5
3,22.0,1.0,0.0,4.0,1.0,2.0,0.5,1.0,2.0,0.5,0.0,0.0,0.0,0.75,0.0,0.0,0.0,1.0,0.0,1.0,0.0,0.0,0.0,0.0,0.0,3.0
4,22.0,2.0,0.0,12.5,2.0,5.0,0.4,1.0,2.0,0.5,1.0,3.0,0.333,0.5,1.0,1.0,1.0,0.0,4.5,4.5,0.5,0.0,0.0,0.0,1.0,6.0
2,31.0,20.0,10.0,22.7,2.7,7.6,0.358,2.3,6.3,0.365,0.4,1.3,0.32,0.51,0.6,0.7,0.846,0.3,1.8,2.1,1.4,1.1,0.2,0.7,1.7,8.3
5,24.0,37.0,37.0,33.9,8.9,18.4,0.485,1.1,3.8,0.296,7.8,14.5,0.535,0.516,8.0,9.9,0.802,2.4,11.2,13.6,3.5,0.6,1.9,3.5,3.4,26.9
3,28.0,24.0,22.0,24.5,2.8,5.8,0.489,1.2,3.4,0.358,1.6,2.4,0.672,0.594,1.0,1.5,0.657,1.0,1.8,2.7,0.7,0.9,0.4,0.6,3.2,7.8
4,21.0,8.0,0.0,4.4,1.1,1.4,0.818,0.0,0.0,0.0,1.1,1.4,0.818,0.818,0.5,0.8,0.667,0.1,1.0,1.1,0.1,0.1,0.0,0.3,0.4,2.8
2,21.0,20.0,0.0,4.3,0.3,1.1,0.227,0.1,0.3,0.167,0.2,0.8,0.25,0.25,0.0,0.1,0.0,0.1,0.3,0.4,0.6,0.1,0.1,0.2,0.6,0.6
1,22.0,4.0,0.0,11.5,0.5,2.5,0.2,0.0,0.5,0.0,0.5,2.0,0.25,0.2,0.0,0.0,0.0,0.3,2.3,2.5,2.0,0.5,0.0,1.0,1.5,1.0
2,29.0,34.0,11.0,21.1,3.7,9.8,0.38,1.3,3.5,0.358,2.4,6.2,0.392,0.444,1.8,2.3,0.759,0.6,2.2,2.9,2.5,1.2,0.3,1.9,1.8,10.4
1,23.0,38.0,1.0,16.6,2.6,6.1,0.429,0.5,1.6,0.305,2.2,4.6,0.471,0.468,1.7,2.2,0.786,0.4,1.3,1.7,2.7,0.4,0.1,1.2,1.7,7.5
4,29.0,10.0,0.0,7.7,1.9,2.8,0.679,0.0,0.1,0.0,1.9,2.7,0.704,0.679,0.8,1.4,0.571,0.9,1.8,2.7,0.1,0.1,0.2,0.5,0.7,4.6
5,27.0,38.0,33.0,23.1,4.5,7.5,0.596,0.3,1.0,0.282,4.2,6.5,0.646,0.616,1.9,3.1,0.629,2.9,4.1,7.1,1.0,0.7,1.3,1.2,2.3,11.2
5,26.0,24.0,0.0,11.0,1.3,2.3,0.564,0.0,0.0,0.0,1.3,2.3,0.574,0.564,0.6,0.8,0.737,0.9,2.3,3.2,0.5,0.1,0.1,0.5,1.0,3.2
1,34.0,15.0,0.0,11.1,1.9,5.1,0.368,0.4,2.0,0.2,1.5,3.1,0.478,0.408,0.5,0.6,0.889,0.2,1.2,1.4,1.8,0.4,0.3,0.7,0.9,4.7
2,20.0,31.0,31.0,20.8,1.6,4.4,0.378,0.7,2.5,0.295,0.9,1.8,0.491,0.463,0.4,0.5,0.688,0.5,1.1,1.6,0.6,0.5,0.3,0.5,2.8,4.4
2,25.0,28.0,2.0,12.9,2.1,4.7,0.45,0.6,1.8,0.347,1.5,2.9,0.512,0.515,0.9,1.1,0.867,0.1,1.2,1.3,1.5,0.4,0.1,0.4,0.6,5.8
3,25.0,38.0,11.0,25.0,2.7,6.1,0.45,1.1,3.0,0.348,1.7,3.1,0.552,0.537,1.2,1.7,0.688,1.6,2.7,4.3,0.7,1.0,0.5,0.8,2.5,7.7
1,25.0,39.0,39.0,27.6,4.7,10.0,0.47,2.2,5.0,0.436,2.5,5.0,0.505,0.58,0.8,1.0,0.842,0.2,2.3,2.5,2.4,0.6,0.1,1.2,2.3,12.4
2,26.0,37.0,37.0,30.3,5.8,13.4,0.431,2.1,6.2,0.336,3.7,7.2,0.513,0.509,1.5,1.9,0.764,0.5,2.6,3.1,3.8,0.9,0.2,2.2,2.9,15.1
1,21.0,38.0,38.0,32.0,6.5,13.8,0.472,1.2,3.0,0.389,5.4,10.8,0.495,0.514,3.8,5.3,0.719,0.6,3.0,3.6,7.6,1.7,0.6,3.1,2.5,18.1
2,22.0,3.0,0.0,5.3,0.0,1.0,0.0,0.0,0.3,0.0,0.0,0.7,0.0,0.0,0.0,0.0,0.0,0.0,0.3,0.3,0.0,0.3,0.0,0.3,1.0,0.0
1,28.0,30.0,17.0,19.8,1.8,4.1,0.443,0.7,1.8,0.396,1.1,2.3,0.478,0.529,0.6,0.7,0.773,0.7,2.1,2.9,4.4,0.6,0.1,1.3,2.1,4.9
5,35.0,18.0,4.0,9.0,1.1,3.1,0.339,0.8,2.3,0.366,0.2,0.8,0.267,0.473,0.3,0.3,1.0,0.2,1.5,1.7,0.3,0.2,0.1,0.4,1.1,3.2
2,20.0,19.0,15.0,22.5,3.4,8.2,0.419,0.2,0.7,0.286,3.2,7.4,0.433,0.432,1.1,1.9,0.568,1.4,2.3,3.7,3.1,0.9,0.3,1.3,2.7,8.2
3,30.0,37.0,37.0,31.6,5.9,12.8,0.459,2.4,5.2,0.455,3.5,7.7,0.461,0.551,5.5,6.0,0.919,1.0,5.3,6.3,2.5,0.7,0.3,1.4,2.0,19.6
2,27.0,35.0,1.0,23.7,3.1,8.1,0.387,1.7,5.1,0.333,1.4,3.0,0.481,0.493,1.0,1.3,0.8,0.7,1.8,2.5,1.2,0.5,0.1,0.4,1.9,9.0
5,34.0,38.0,38.0,34.4,5.7,12.8,0.441,1.6,4.2,0.371,4.1,8.6,0.476,0.502,3.1,4.0,0.768,1.0,7.5,8.6,4.5,1.3,1.4,2.2,2.8,15.9
5,38.0,10.0,0.0,16.3,2.2,4.3,0.512,0.4,0.7,0.571,1.8,3.6,0.5,0.558,1.3,1.8,0.722,1.1,4.9,6.0,3.0,0.1,0.9,0.7,1.7,6.1
3,32.0,34.0,31.0,26.8,5.5,10.6,0.517,1.1,2.7,0.413,4.4,7.9,0.552,0.569,1.6,1.9,0.848,1.0,5.5,6.5,2.4,0.9,0.6,1.5,2.7,13.7
3,28.0,37.0,37.0,35.4,9.2,20.5,0.452,3.4,8.8,0.383,5.9,11.7,0.503,0.534,5.2,6.2,0.834,1.5,6.6,8.1,4.0,2.2,0.6,2.8,2.9,27.0
4,33.0,38.0,38.0,25.5,4.4,7.8,0.559,0.3,0.7,0.393,4.1,7.1,0.576,0.577,1.6,2.3,0.698,2.6,4.1,6.7,1.3,0.8,0.5,1.0,2.6,10.6
4,20.0,25.0,0.0,10.6,2.4,5.0,0.468,0.0,0.2,0.0,2.4,4.9,0.484,0.468,0.6,1.1,0.536,1.0,2.0,3.0,1.2,0.7,0.2,1.0,2.2,5.3
1,20.0,38.0,29.0,26.5,3.9,8.0,0.482,0.6,1.5,0.368,3.3,6.5,0.508,0.516,1.8,2.2,0.8,0.8,2.1,2.9,2.9,1.0,0.6,1.7,2.0,10.1
5,26.0,39.0,39.0,31.1,5.7,8.5,0.664,0.0,0.0,0.0,5.7,8.5,0.664,0.664,3.6,5.6,0.645,3.6,8.7,12.3,1.9,0.9,2.1,1.5,2.7,15.0
1,23.0,4.0,0.0,3.8,0.5,1.3,0.4,0.5,0.5,1.0,0.0,0.8,0.0,0.6,1.0,1.0,1.0,0.0,0.0,0.0,1.5,0.0,0.0,0.0,1.0,2.5
4,23.0,36.0,36.0,33.2,5.9,12.9,0.455,1.5,4.2,0.367,4.3,8.7,0.497,0.514,2.0,2.9,0.683,1.7,5.8,7.5,3.5,0.8,0.8,1.8,2.4,15.2
2,30.0,32.0,18.0,33.2,5.6,14.6,0.381,2.6,8.5,0.303,3.0,6.1,0.49,0.469,2.0,2.5,0.778,0.4,2.0,2.4,2.2,0.5,0.4,1.5,2.2,15.7
5,34.0,31.0,29.0,16.9,2.1,4.0,0.52,0.0,0.0,0.0,2.1,4.0,0.52,0.52,1.0,1.3,0.795,1.4,4.4,5.8,1.6,0.2,0.5,1.2,2.1,5.2
1,23.0,17.0,1.0,12.0,1.5,3.9,0.388,0.5,1.9,0.273,1.0,2.0,0.5,0.455,0.5,0.5,1.0,0.0,1.1,1.1,2.1,0.7,0.0,0.6,1.0,4.1
2,25.0,3.0,0.0,13.0,0.3,2.3,0.143,0.0,1.0,0.0,0.3,1.3,0.25,0.143,0.0,0.0,0.0,0.7,1.3,2.0,0.7,0.3,0.0,1.0,1.7,0.7
4,24.0,38.0,35.0,31.1,4.7,9.0,0.523,1.1,3.0,0.351,3.7,6.0,0.61,0.582,1.8,2.7,0.68,1.0,3.9,4.9,0.9,0.8,1.2,0.9,2.5,12.3
1,26.0,38.0,1.0,18.3,1.6,4.0,0.395,0.7,1.9,0.342,0.9,2.1,0.443,0.477,0.4,0.6,0.625,0.4,1.4,1.8,3.1,0.9,0.1,1.1,1.6,4.2
2,31.0,39.0,39.0,29.4,3.4,8.0,0.428,2.1,5.3,0.396,1.3,2.7,0.49,0.559,0.4,0.4,0.933,1.0,3.2,4.2,1.3,0.8,0.8,1.1,2.5,9.3
4,28.0,25.0,25.0,31.6,2.9,7.1,0.412,0.6,2.4,0.237,2.4,4.7,0.5,0.452,0.9,1.2,0.767,0.9,7.0,8.0,6.7,1.8,0.9,3.0,3.4,7.3
2,33.0,33.0,0.0,19.3,2.8,7.0,0.409,2.0,5.6,0.351,0.9,1.4,0.644,0.55,0.5,0.6,0.842,0.5,2.2,2.6,0.5,0.4,0.2,0.7,1.8,8.2
4,28.0,26.0,2.0,23.0,4.0,7.8,0.507,0.8,2.1,0.37,3.2,5.7,0.557,0.557,1.4,1.8,0.783,1.8,4.6,6.5,0.8,0.9,0.7,1.6,2.8,10.1
4,32.0,37.0,14.0,26.8,4.0,8.2,0.487,1.2,3.4,0.352,2.8,4.8,0.582,0.56,2.2,2.4,0.909,1.1,3.8,4.9,1.7,0.6,0.5,1.1,2.1,11.3
4,29.0,35.0,35.0,35.8,8.4,17.9,0.467,2.3,6.4,0.363,6.1,11.6,0.523,0.531,5.8,7.8,0.74,1.3,7.3,8.7,5.2,0.7,0.5,3.8,2.9,24.8
2,23.0,10.0,3.0,10.6,1.1,2.9,0.379,0.3,1.1,0.273,0.8,1.8,0.444,0.431,0.2,0.4,0.5,0.5,1.6,2.1,1.0,0.1,0.0,0.6,0.6,2.7
2,26.0,36.0,36.0,33.5,6.6,16.8,0.394,2.7,7.7,0.349,3.9,9.1,0.433,0.474,4.7,5.4,0.857,0.6,2.8,3.4,2.9,0.9,0.1,2.0,2.4,20.6
2,29.0,34.0,34.0,37.1,9.7,22.1,0.44,4.8,12.2,0.389,5.0,9.9,0.503,0.548,9.4,11.0,0.85,0.8,5.1,5.9,8.6,2.1,0.6,5.6,3.4,33.6
3,25.0,25.0,18.0,22.1,2.5,5.5,0.449,0.6,2.0,0.327,1.8,3.6,0.517,0.507,0.5,0.8,0.65,1.0,3.2,4.2,0.7,0.9,1.0,0.6,2.8,6.1
5,25.0,38.0,0.0,25.1,6.1,9.7,0.63,0.0,0.1,0.333,6.1,9.7,0.632,0.631,3.4,5.5,0.612,2.4,4.1,6.6,1.6,0.9,1.4,1.3,2.8,15.7
1,35.0,28.0,0.0,15.5,2.1,5.3,0.401,0.9,2.9,0.293,1.3,2.3,0.538,0.483,1.6,1.9,0.815,0.1,1.6,1.7,1.2,0.8,0.2,0.7,1.6,6.6
2,24.0,23.0,21.0,31.7,5.9,13.6,0.433,1.7,5.0,0.328,4.2,8.5,0.495,0.494,2.7,3.3,0.803,0.7,2.5,3.2,2.7,1.1,0.4,1.2,2.2,16.0
2,27.0,37.0,37.0,29.8,5.0,9.8,0.515,2.5,5.1,0.492,2.5,4.7,0.54,0.643,1.2,1.5,0.833,0.7,2.8,3.5,2.4,0.6,0.2,1.4,2.8,13.8
4,26.0,38.0,38.0,34.2,7.8,15.4,0.504,1.9,4.6,0.425,5.8,10.9,0.538,0.567,3.3,3.8,0.888,0.8,7.2,8.0,2.2,0.8,0.4,2.0,2.1,20.9
2,24.0,17.0,0.0,11.0,0.9,3.1,0.302,0.3,1.5,0.2,0.6,1.6,0.393,0.349,1.0,1.1,0.944,0.4,0.8,1.2,1.4,0.2,0.1,0.7,2.0,3.2
1,25.0,30.0,0.0,17.8,2.3,5.5,0.415,0.3,1.3,0.25,1.9,4.1,0.468,0.445,1.1,1.8,0.593,0.4,2.4,2.7,1.6,1.4,0.3,0.7,1.5,5.9
2,23.0,39.0,15.0,26.7,3.4,7.9,0.426,1.7,4.8,0.362,1.6,3.1,0.525,0.535,0.9,1.4,0.661,0.5,3.2,3.7,1.3,1.1,0.7,0.8,2.3,9.5
4,20.0,22.0,0.0,8.1,0.8,1.5,0.5,0.1,0.2,0.4,0.7,1.3,0.517,0.529,0.5,0.6,0.786,0.8,0.8,1.6,0.5,0.2,0.4,0.5,2.0,2.1
5,38.0,3.0,0.0,4.7,0.7,2.0,0.333,0.0,0.7,0.0,0.7,1.3,0.5,0.333,0.0,0.0,0.0,0.3,1.3,1.7,0.0,0.0,0.0,0.7,1.0,1.3
3,28.0,34.0,16.0,26.8,3.9,9.4,0.419,1.3,4.0,0.326,2.6,5.4,0.486,0.488,2.0,2.3,0.896,0.9,4.1,5.0,3.6,1.0,0.3,1.4,1.3,11.2
5,28.0,14.0,0.0,13.4,2.2,4.8,0.463,0.8,2.2,0.355,1.4,2.6,0.556,0.545,0.4,0.7,0.6,1.1,3.9,5.1,1.0,0.5,0.8,0.9,1.1,5.6
4,23.0,35.0,24.0,27.4,3.3,6.8,0.489,1.7,3.8,0.433,1.7,2.9,0.563,0.612,1.7,2.2,0.803,1.5,4.1,5.7,1.0,0.5,0.5,0.8,1.7,10.0
5,24.0,29.0,2.0,13.2,2.6,5.2,0.507,0.4,0.9,0.48,2.2,4.3,0.512,0.547,1.7,2.3,0.735,2.0,3.1,5.1,0.9,0.3,0.4,1.0,1.7,7.4
3,23.0,33.0,11.0,17.2,2.7,7.0,0.39,0.8,2.5,0.298,2.0,4.5,0.442,0.444,0.8,1.3,0.614,0.3,2.8,3.1,0.9,0.7,0.1,1.1,1.6,7.0
2,26.0,38.0,38.0,31.4,7.6,16.1,0.471,3.2,7.3,0.433,4.4,8.8,0.503,0.569,1.8,2.1,0.85,1.2,3.9,5.0,2.3,0.5,0.4,2.0,2.5,20.2
5,36.0,14.0,0.0,14.1,1.7,3.4,0.511,0.0,0.1,0.0,1.7,3.2,0.533,0.511,0.8,1.0,0.786,0.9,2.9,3.7,0.7,0.4,0.4,0.3,2.4,4.2
1,32.0,25.0,13.0,23.7,3.2,6.8,0.476,0.8,2.3,0.362,2.4,4.5,0.536,0.538,1.1,1.5,0.737,0.9,1.5,2.4,2.5,0.8,0.1,0.9,2.3,8.4
3,27.0,27.0,10.0,21.6,1.5,3.7,0.396,0.7,2.1,0.316,0.8,1.6,0.5,0.485,0.4,0.7,0.632,0.9,2.4,3.3,1.3,0.6,0.3,0.7,1.7,4.1
1,22.0,21.0,0.0,12.4,2.2,5.3,0.42,0.7,2.6,0.255,1.6,2.7,0.579,0.482,0.9,1.0,0.864,0.1,1.7,1.8,1.6,0.5,0.4,0.8,1.4,6.0
2,28.0,39.0,39.0,36.9,8.0,17.1,0.471,1.6,5.1,0.322,6.4,11.9,0.534,0.519,3.2,4.2,0.778,1.2,3.3,4.5,8.5,1.6,0.8,3.7,2.7,20.9
2,29.0,38.0,38.0,34.9,4.0,10.4,0.383,2.6,7.1,0.359,1.4,3.3,0.435,0.506,1.1,1.2,0.891,0.5,3.9,4.4,2.2,1.8,0.6,1.2,2.1,11.6
3,30.0,1.0,0.0,1.0,0.0,0.0,0.0,0.0,0.0,0.0,0.0,0.0,0.0,0.0,0.0,0.0,0.0,0.0,0.0,0.0,0.0,0.0,0.0,0.0,0.0,0.0
3,24.0,34.0,19.0,24.0,3.6,8.9,0.405,0.2,1.0,0.242,3.4,8.0,0.424,0.418,2.4,3.7,0.659,1.4,4.4,5.8,1.9,0.8,0.5,1.2,2.0,9.9
5,25.0,38.0,1.0,15.5,3.1,4.7,0.669,0.0,0.0,0.0,3.1,4.7,0.669,0.669,1.5,2.1,0.709,1.7,2.8,4.5,0.7,0.6,1.2,0.8,2.4,7.7
2,26.0,34.0,34.0,28.0,4.6,10.3,0.45,1.3,3.4,0.391,3.3,6.9,0.479,0.514,2.2,2.5,0.894,0.4,2.1,2.5,2.0,0.9,0.1,0.9,2.4,12.9
5,32.0,29.0,29.0,28.7,5.0,10.1,0.5,1.3,3.5,0.373,3.7,6.6,0.568,0.565,0.8,1.2,0.706,1.6,4.7,6.3,3.7,0.8,1.4,1.5,1.8,12.2
3,25.0,19.0,6.0,23.6,2.7,5.6,0.477,1.4,3.7,0.366,1.3,1.9,0.694,0.598,2.1,2.6,0.796,0.9,2.5,3.4,0.9,0.5,0.3,0.7,1.9,8.8
5,33.0,9.0,9.0,25.6,4.8,7.7,0.623,0.0,0.0,0.0,4.8,7.7,0.623,0.623,3.2,5.3,0.604,2.7,6.6,9.2,0.4,0.8,0.4,1.8,3.8,12.8
2,20.0,37.0,21.0,25.5,3.0,7.2,0.412,1.5,4.0,0.381,1.5,3.2,0.45,0.517,0.6,0.8,0.724,0.8,2.1,2.9,2.3,0.7,0.4,1.5,1.9,8.0
3,22.0,34.0,4.0,17.6,1.7,3.9,0.447,0.3,0.9,0.281,1.5,2.9,0.5,0.481,0.5,0.9,0.552,0.6,2.9,3.5,0.7,0.4,0.1,0.6,1.2,4.2
5,29.0,36.0,27.0,28.0,6.6,12.4,0.53,0.8,2.6,0.287,5.8,9.8,0.595,0.561,2.0,2.5,0.802,2.0,5.3,7.3,1.5,0.5,1.4,1.7,3.2,15.9
3,35.0,34.0,11.0,23.2,1.9,4.2,0.458,0.8,2.0,0.377,1.2,2.2,0.533,0.549,0.6,1.0,0.647,0.8,2.7,3.5,3.0,0.7,0.8,0.8,1.4,5.3
4,31.0,25.0,2.0,19.9,2.8,6.3,0.439,0.9,2.6,0.354,1.8,3.7,0.5,0.513,1.1,1.3,0.875,1.6,4.0,5.6,1.2,0.6,0.2,1.0,2.9,7.6
3,31.0,39.0,39.0,30.9,4.3,9.7,0.439,2.0,5.5,0.367,2.3,4.2,0.533,0.543,1.1,1.7,0.642,0.3,3.7,4.0,4.7,1.6,0.2,2.2,2.4,11.7
2,21.0,28.0,28.0,32.0,6.2,13.4,0.464,0.6,2.0,0.291,5.6,11.4,0.494,0.485,3.2,5.1,0.634,0.7,3.9,4.6,2.5,0.6,0.7,2.5,2.7,16.2
1,26.0,34.0,34.0,32.3,8.8,18.0,0.488,2.7,6.6,0.408,6.1,11.4,0.534,0.562,2.9,3.4,0.853,1.3,3.7,4.9,6.6,1.6,0.4,2.6,2.3,23.1
3,21.0,32.0,21.0,24.4,2.9,6.9,0.418,0.7,2.4,0.299,2.2,4.5,0.483,0.47,1.8,2.1,0.838,1.0,3.8,4.8,0.8,0.8,1.2,1.1,2.1,8.3
3,24.0,28.0,12.0,16.8,1.5,4.0,0.384,0.3,1.1,0.3,1.2,2.9,0.415,0.424,1.3,1.5,0.837,0.4,1.5,1.9,0.8,0.4,0.2,0.6,1.7,4.7
1,24.0,6.0,0.0,6.5,1.3,2.5,0.533,0.3,1.0,0.333,1.0,1.5,0.667,0.6,0.7,0.7,1.0,0.3,0.2,0.5,0.8,0.3,0.0,0.2,0.7,3.7
1,20.0,24.0,0.0,11.8,1.5,3.8,0.4,0.6,1.6,0.368,0.9,2.2,0.423,0.478,0.5,0.8,0.722,0.1,0.7,0.8,0.5,0.1,0.0,0.6,1.4,4.1
5,19.0,38.0,36.0,25.5,5.1,9.8,0.52,0.8,2.4,0.337,4.3,7.4,0.58,0.562,2.4,3.1,0.778,1.2,3.5,4.7,1.2,0.9,1.6,1.6,3.9,13.4
2,21.0,40.0,9.0,21.6,3.4,8.7,0.393,0.7,2.2,0.292,2.8,6.5,0.427,0.43,1.4,2.1,0.647,0.6,3.3,3.9,2.1,1.0,0.6,2.3,2.4,8.9
3,23.0,37.0,3.0,21.1,2.4,5.6,0.431,1.1,3.0,0.351,1.4,2.6,0.52,0.524,0.8,0.9,0.8,0.5,2.4,2.9,1.3,0.5,0.2,0.4,1.3,6.7
1,28.0,36.0,36.0,28.4,5.1,12.5,0.405,2.0,5.8,0.344,3.1,6.7,0.458,0.486,3.1,3.5,0.866,0.7,2.1,2.8,4.4,0.7,0.2,2.1,2.9,15.2
4,34.0,34.0,34.0,34.6,10.0,19.3,0.518,2.0,5.6,0.356,8.0,13.7,0.585,0.57,5.3,7.8,0.682,0.9,7.4,8.3,7.1,1.3,0.7,3.4,1.6,27.3
4,25.0,1.0,0.0,4.0,0.0,1.0,0.0,0.0,0.0,0.0,0.0,1.0,0.0,0.0,2.0,2.0,1.0,1.0,0.0,1.0,0.0,0.0,0.0,0.0,1.0,2.0
4,31.0,39.0,6.0,20.2,2.7,5.7,0.473,1.2,3.2,0.368,1.5,2.5,0.608,0.577,1.1,1.3,0.843,1.2,3.7,4.9,1.7,0.4,0.2,0.8,2.4,7.7
4,22.0,4.0,0.0,3.0,0.3,0.8,0.333,0.0,0.0,0.0,0.3,0.8,0.333,0.333,0.0,0.5,0.0,0.0,1.0,1.0,0.0,0.0,0.3,0.0,0.8,0.5
5,31.0,33.0,2.0,9.4,1.4,2.7,0.523,0.2,0.6,0.35,1.2,2.1,0.574,0.563,0.6,0.8,0.76,0.7,1.8,2.5,1.2,0.3,0.2,0.9,1.9,3.6
4,31.0,21.0,19.0,20.7,3.3,7.6,0.434,1.0,2.9,0.344,2.3,4.7,0.49,0.5,0.9,1.2,0.731,0.4,2.8,3.2,2.2,0.7,0.3,1.0,2.1,8.5
3,22.0,31.0,7.0,21.3,3.3,8.4,0.39,1.2,4.3,0.276,2.1,4.0,0.512,0.461,0.9,1.2,0.75,0.7,3.2,3.9,1.2,0.9,0.2,1.5,2.1,8.6
1,26.0,30.0,4.0,25.4,4.1,9.3,0.444,1.7,4.3,0.391,2.5,5.0,0.49,0.534,1.7,2.4,0.704,0.4,2.5,3.0,2.4,1.0,0.5,1.5,1.8,11.6
3,31.0,24.0,13.0,15.4,1.4,3.4,0.402,0.8,2.0,0.396,0.6,1.4,0.412,0.518,0.2,0.3,0.833,0.4,1.8,2.3,0.7,0.4,0.3,0.5,1.8,3.8
5,23.0,36.0,36.0,31.1,6.8,13.6,0.497,1.1,3.4,0.317,5.7,10.2,0.557,0.537,3.6,4.3,0.838,2.6,7.4,10.0,7.6,1.4,0.7,3.3,2.9,18.2
5,23.0,24.0,22.0,17.1,2.2,3.1,0.716,0.0,0.0,0.0,2.2,3.1,0.716,0.716,1.0,1.5,0.649,1.3,1.8,3.1,1.2,0.5,1.0,0.7,2.6,5.4
3,21.0,27.0,5.0,17.7,2.5,5.2,0.486,0.5,1.4,0.378,2.0,3.8,0.524,0.536,1.2,1.9,0.615,2.0,2.4,4.5,0.5,0.8,0.7,0.7,2.1,6.7
3,25.0,12.0,0.0,11.0,1.2,2.9,0.4,0.5,1.3,0.4,0.7,1.7,0.4,0.486,1.1,1.4,0.765,0.7,1.5,2.2,0.4,0.3,0.1,0.3,1.6,3.9
1,22.0,38.0,6.0,20.3,2.1,5.4,0.39,0.5,1.7,0.297,1.6,3.7,0.433,0.437,0.6,0.7,0.815,0.3,1.4,1.7,3.8,1.3,0.1,0.6,0.9,5.3
5,30.0,38.0,38.0,31.2,4.1,6.4,0.642,0.0,0.0,0.0,4.1,6.4,0.642,0.642,2.8,4.0,0.709,3.1,11.0,14.2,2.1,0.7,1.1,2.3,2.4,11.0
1,27.0,38.0,0.0,25.9,3.0,6.6,0.452,0.8,2.2,0.369,2.2,4.4,0.494,0.514,0.3,0.5,0.6,0.4,3.3,3.7,3.9,1.3,0.2,1.3,1.7,7.1
4,25.0,22.0,0.0,11.6,2.0,4.1,0.489,0.6,1.8,0.333,1.4,2.3,0.608,0.561,1.0,1.5,0.667,0.8,1.7,2.5,1.1,0.2,0.2,0.8,1.1,5.6
5,26.0,39.0,23.0,26.5,5.8,10.8,0.54,0.2,0.5,0.35,5.6,10.3,0.55,0.549,2.6,3.1,0.835,3.9,6.8,10.7,2.0,0.4,0.4,1.8,2.5,14.4
2,22.0,18.0,8.0,19.6,2.8,6.8,0.418,1.2,3.3,0.356,1.7,3.5,0.476,0.504,0.3,0.6,0.6,0.2,2.6,2.8,1.3,0.3,0.2,0.8,1.2,7.2
4,25.0,30.0,1.0,19.3,3.0,6.2,0.487,0.2,0.6,0.353,2.8,5.7,0.5,0.503,1.6,2.0,0.797,1.9,3.1,4.9,1.0,0.5,1.0,0.8,2.7,7.8
3,25.0,1.0,0.0,6.0,0.0,0.0,0.0,0.0,0.0,0.0,0.0,0.0,0.0,0.0,0.0,0.0,0.0,0.0,1.0,1.0,0.0,0.0,0.0,0.0,0.0,0.0
4,27.0,33.0,3.0,18.0,2.2,5.1,0.438,0.9,3.0,0.296,1.4,2.2,0.634,0.524,0.8,1.0,0.765,1.1,2.7,3.8,0.8,0.5,1.2,0.6,1.4,6.2
1,27.0,8.0,0.0,9.1,0.6,3.5,0.179,0.4,2.6,0.143,0.3,0.9,0.286,0.232,0.1,0.3,0.5,0.1,0.4,0.5,0.6,0.3,0.0,0.3,1.1,1.8
4,19.0,32.0,14.0,26.6,4.3,11.6,0.376,1.7,4.7,0.36,2.7,6.9,0.386,0.449,1.8,2.7,0.678,0.9,3.4,4.3,0.9,0.5,0.3,1.2,2.3,12.2
2,21.0,31.0,3.0,15.1,2.2,5.6,0.394,1.0,3.3,0.314,1.2,2.4,0.507,0.486,0.6,0.7,0.826,0.3,2.1,2.4,1.1,0.7,0.1,0.5,1.4,6.1
4,23.0,17.0,4.0,12.7,2.1,4.7,0.438,1.5,3.3,0.464,0.5,1.4,0.375,0.6,0.5,0.6,0.818,0.6,1.9,2.5,1.2,0.3,0.4,0.4,0.7,6.2
2,37.0,33.0,0.0,17.2,2.6,6.0,0.442,1.8,4.3,0.418,0.8,1.7,0.5,0.591,0.8,1.0,0.818,0.1,1.6,1.7,0.9,0.3,0.2,0.8,1.5,7.9
5,29.0,24.0,1.0,13.5,1.8,3.8,0.473,0.0,0.0,0.0,1.8,3.8,0.473,0.473,0.2,0.5,0.455,1.5,3.5,4.9,1.0,0.5,0.4,0.6,1.9,3.8
3,20.0,23.0,11.0,19.2,3.2,6.6,0.48,0.7,2.5,0.298,2.4,4.1,0.589,0.536,1.5,1.7,0.895,0.9,2.7,3.7,0.6,0.5,0.3,1.0,2.2,8.6
3,23.0,38.0,36.0,32.6,7.0,14.8,0.472,1.8,5.8,0.302,5.2,8.9,0.584,0.532,2.6,3.3,0.78,0.7,5.2,5.8,2.4,0.7,0.5,1.9,2.3,18.3
4,22.0,10.0,0.0,9.4,1.1,2.6,0.423,0.3,1.0,0.3,0.8,1.6,0.5,0.481,0.6,1.1,0.545,0.2,1.7,1.9,0.4,0.2,0.2,0.6,1.9,3.1
2,26.0,36.0,36.0,29.3,5.5,12.3,0.448,1.4,3.9,0.348,4.2,8.4,0.495,0.503,2.8,3.3,0.857,0.8,4.8,5.6,2.0,1.1,0.3,0.9,2.1,15.3
2,23.0,33.0,32.0,34.5,8.3,18.2,0.456,1.8,5.1,0.345,6.5,13.1,0.499,0.504,5.2,6.0,0.868,0.4,4.1,4.5,4.5,1.0,0.5,3.7,2.3,23.5
3,24.0,28.0,20.0,14.1,2.1,4.1,0.509,0.7,2.0,0.357,1.4,2.1,0.655,0.596,0.3,0.5,0.6,0.6,1.6,2.2,0.3,0.5,0.3,0.6,1.0,5.2
4,21.0,18.0,0.0,6.8,0.9,2.4,0.395,0.2,0.7,0.25,0.8,1.7,0.452,0.43,0.2,0.2,0.75,0.6,1.1,1.6,0.3,0.1,0.1,0.3,0.6,2.2
2,33.0,10.0,2.0,14.9,2.0,4.5,0.444,0.5,1.5,0.333,1.5,3.0,0.5,0.5,0.8,1.2,0.667,0.6,1.8,2.4,1.4,0.8,0.2,0.4,1.3,5.3
2,26.0,16.0,0.0,12.2,1.7,3.6,0.466,0.8,1.9,0.419,0.9,1.7,0.519,0.578,0.7,0.8,0.846,0.2,1.6,1.8,0.2,0.5,0.0,0.5,1.2,4.9
5,25.0,34.0,20.0,20.2,4.1,8.3,0.491,0.6,1.9,0.313,3.5,6.4,0.543,0.527,1.9,2.9,0.636,2.1,3.4,5.5,1.0,0.3,1.0,1.6,2.8,10.6
3,27.0,31.0,31.0,34.7,9.5,19.0,0.499,1.7,4.7,0.356,7.8,14.3,0.546,0.543,6.5,7.6,0.851,1.3,6.7,8.0,2.9,1.6,0.5,2.1,1.5,27.1
5,26.0,36.0,0.0,14.0,2.0,4.0,0.5,0.8,1.9,0.426,1.2,2.1,0.566,0.601,0.8,0.9,0.853,0.9,3.2,4.1,1.1,0.3,0.1,0.7,1.6,5.6
4,29.0,22.0,1.0,10.9,1.8,3.0,0.615,0.0,0.4,0.0,1.8,2.6,0.702,0.615,0.7,0.9,0.789,0.7,1.8,2.5,0.4,0.3,0.1,0.6,1.4,4.3
3,24.0,14.0,14.0,29.7,6.9,14.6,0.475,1.4,4.4,0.311,5.6,10.2,0.545,0.522,3.1,4.4,0.721,1.0,3.3,4.3,3.7,1.2,0.4,2.1,2.4,18.4
1,28.0,39.0,39.0,35.5,8.8,19.5,0.45,3.0,7.8,0.387,5.7,11.7,0.492,0.528,6.1,6.8,0.894,0.8,3.9,4.6,5.8,0.9,0.5,2.8,1.9,26.6
1,30.0,34.0,0.0,18.7,3.4,7.1,0.479,1.0,2.6,0.378,2.4,4.4,0.54,0.55,2.7,3.3,0.829,0.3,2.1,2.4,3.4,0.8,0.1,1.8,2.0,10.5
1,33.0,29.0,0.0,16.3,1.9,4.1,0.45,0.0,0.1,0.0,1.9,4.1,0.458,0.45,0.8,1.1,0.75,0.8,1.4,2.2,2.2,0.6,0.6,0.7,1.2,4.6
2,26.0,1.0,0.0,4.0,0.0,1.0,0.0,0.0,1.0,0.0,0.0,0.0,0.0,0.0,0.0,0.0,0.0,0.0,0.0,0.0,0.0,1.0,0.0,1.0,0.0,0.0
5,22.0,39.0,16.0,20.6,2.9,4.6,0.629,0.0,0.2,0.143,2.8,4.4,0.649,0.632,0.8,1.4,0.611,2.5,3.0,5.5,1.8,0.4,0.7,0.7,2.9,6.6
5,30.0,37.0,37.0,27.5,4.3,10.1,0.429,2.6,7.1,0.372,1.7,3.0,0.563,0.559,1.2,1.5,0.804,0.4,3.5,3.9,1.0,0.5,1.9,1.0,2.1,12.5
5,30.0,32.0,0.0,16.8,2.5,4.9,0.503,0.1,0.4,0.231,2.4,4.5,0.528,0.513,0.7,0.9,0.7,1.1,1.4,2.5,1.0,0.1,0.9,1.5,1.8,5.7
4,30.0,4.0,4.0,34.0,5.3,16.3,0.323,1.8,6.0,0.292,3.5,10.3,0.341,0.377,6.8,8.3,0.818,2.5,11.0,13.5,3.5,0.3,0.3,2.5,3.5,19.0
1,32.0,30.0,30.0,34.1,5.0,11.5,0.433,2.1,6.6,0.325,2.8,4.9,0.578,0.526,2.4,2.8,0.845,0.5,4.0,4.5,9.8,1.4,0.5,2.7,2.2,14.4
1,25.0,3.0,0.0,5.7,1.0,1.0,1.0,0.7,0.7,1.0,0.3,0.3,1.0,1.333,1.3,1.3,1.0,0.3,1.3,1.7,0.3,0.0,0.0,0.3,0.7,4.0
3,23.0,17.0,1.0,6.9,0.8,2.4,0.317,0.3,1.2,0.238,0.5,1.2,0.4,0.378,0.2,0.4,0.667,0.2,0.8,1.0,0.2,0.2,0.1,0.3,0.8,2.1
4,22.0,11.0,0.0,3.7,0.5,0.7,0.75,0.3,0.4,0.75,0.3,0.4,0.75,0.938,0.1,0.2,0.5,0.4,0.5,0.8,0.2,0.1,0.0,0.1,0.4,1.5
4,23.0,36.0,1.0,19.4,3.4,8.4,0.409,0.8,3.3,0.237,2.6,5.1,0.519,0.455,1.6,2.3,0.699,0.8,3.6,4.4,1.3,0.6,0.5,1.4,1.7,9.2
1,28.0,38.0,2.0,23.3,2.9,6.9,0.416,0.9,2.3,0.382,2.0,4.6,0.434,0.481,1.1,1.6,0.7,0.3,1.6,1.9,3.0,0.9,0.1,1.1,1.5,7.7
2,23.0,1.0,0.0,1.0,0.0,0.0,0.0,0.0,0.0,0.0,0.0,0.0,0.0,0.0,0.0,0.0,0.0,0.0,0.0,0.0,0.0,0.0,0.0,0.0,0.0,0.0
2,23.0,1.0,0.0,14.0,2.0,8.0,0.25,0.0,4.0,0.0,2.0,4.0,0.5,0.25,0.0,0.0,0.0,0.0,2.0,2.0,2.0,0.0,0.0,0.0,0.0,4.0
5,32.0,20.0,6.0,14.0,1.1,2.5,0.44,0.1,0.4,0.125,1.1,2.1,0.5,0.45,1.7,2.5,0.673,1.4,2.0,3.4,0.6,0.6,0.5,0.6,2.7,3.9
5,21.0,29.0,0.0,12.4,1.8,4.1,0.425,0.8,2.6,0.32,0.9,1.6,0.6,0.525,0.7,1.2,0.528,0.5,2.4,2.9,0.5,0.2,0.6,0.3,1.7,5.0
5,30.0,29.0,9.0,10.9,2.5,4.1,0.613,0.0,0.0,0.0,2.5,4.1,0.619,0.613,2.1,2.7,0.782,1.5,2.8,4.3,0.7,0.3,0.6,1.1,1.7,7.1
4,21.0,16.0,15.0,31.1,6.6,15.0,0.438,2.7,6.6,0.406,3.9,8.4,0.463,0.527,1.8,2.3,0.806,1.2,6.3,7.5,1.1,1.1,0.6,1.9,2.6,17.6
4,24.0,24.0,1.0,8.0,0.9,2.4,0.368,0.2,0.9,0.182,0.7,1.5,0.486,0.404,0.3,0.3,0.875,0.3,1.4,1.7,0.5,0.1,0.3,0.3,1.0,2.2
1,24.0,27.0,0.0,13.2,1.9,4.7,0.397,0.3,1.6,0.205,1.5,3.0,0.5,0.433,1.1,1.6,0.705,0.1,1.2,1.3,2.8,0.5,0.1,1.0,0.9,5.2
2,32.0,32.0,32.0,30.6,4.6,11.0,0.416,2.3,6.0,0.387,2.3,5.1,0.451,0.521,2.3,2.9,0.798,0.5,1.9,2.5,2.3,0.9,0.2,1.4,2.5,13.8
4,32.0,4.0,0.0,15.3,2.0,4.5,0.444,0.5,1.5,0.333,1.5,3.0,0.5,0.5,0.5,1.3,0.4,0.5,1.3,1.8,0.5,0.3,0.3,0.5,2.0,5.0
2,23.0,2.0,0.0,18.0,1.0,3.5,0.286,0.5,1.0,0.5,0.5,2.5,0.2,0.357,0.0,0.0,0.0,0.0,1.0,1.0,1.0,0.5,0.0,1.5,0.0,2.5
2,27.0,38.0,38.0,34.2,8.2,18.0,0.455,1.9,5.8,0.329,6.3,12.3,0.515,0.508,2.5,3.0,0.825,0.9,2.8,3.7,2.6,0.8,0.4,1.6,2.7,20.8
1,26.0,33.0,0.0,20.2,2.9,5.2,0.559,0.2,0.6,0.333,2.7,4.5,0.591,0.579,0.5,0.5,0.833,0.4,1.8,2.1,3.5,1.1,0.3,1.4,1.7,6.4
3,27.0,38.0,0.0,17.7,2.5,5.1,0.482,1.2,3.0,0.407,1.3,2.2,0.585,0.6,0.8,1.0,0.838,0.2,1.2,1.3,0.8,0.3,0.1,0.4,1.4,7.0
5,31.0,32.0,32.0,23.5,5.4,8.8,0.612,0.0,0.1,0.25,5.3,8.7,0.617,0.614,1.2,1.9,0.65,2.6,4.3,6.9,0.8,0.8,2.5,1.6,2.5,12.0
2,27.0,36.0,36.0,29.3,3.9,9.1,0.429,1.6,4.2,0.393,2.3,5.0,0.458,0.518,1.0,1.3,0.783,1.0,3.3,4.3,2.3,0.7,0.1,1.3,2.3,10.5
3,26.0,30.0,0.0,14.2,2.1,4.5,0.471,0.7,1.8,0.382,1.4,2.7,0.531,0.548,0.4,0.8,0.522,1.3,2.4,3.7,0.4,0.2,0.2,0.4,2.0,5.4
2,25.0,13.0,0.0,8.0,1.0,3.2,0.317,0.8,2.1,0.37,0.2,1.1,0.214,0.439,0.3,0.5,0.667,0.2,0.7,0.8,0.3,0.2,0.2,0.2,1.2,3.1
2,27.0,7.0,0.0,4.6,0.3,1.6,0.182,0.0,0.4,0.0,0.3,1.1,0.25,0.182,0.0,0.0,0.0,0.1,0.6,0.7,0.3,0.1,0.1,0.0,0.0,0.6
5,32.0,13.0,0.0,6.4,1.0,1.7,0.591,0.0,0.2,0.0,1.0,1.5,0.65,0.591,0.4,0.5,0.833,0.6,1.5,2.2,0.5,0.2,0.1,0.2,1.2,2.4
1,20.0,23.0,15.0,20.0,2.4,6.3,0.382,0.9,2.5,0.345,1.5,3.7,0.407,0.451,0.5,0.6,0.857,0.4,2.0,2.4,2.8,1.5,0.3,1.6,2.4,6.2
4,21.0,19.0,0.0,5.5,0.8,2.2,0.381,0.0,0.1,0.0,0.8,2.1,0.4,0.381,0.6,0.8,0.8,0.4,0.9,1.4,0.6,0.3,0.1,0.5,0.4,2.3
3,27.0,35.0,35.0,31.0,6.2,14.1,0.439,2.6,6.8,0.385,3.6,7.3,0.49,0.532,2.9,3.4,0.864,0.5,5.2,5.7,4.0,1.2,0.1,2.3,2.5,17.9
3,31.0,32.0,1.0,14.4,1.6,5.1,0.307,0.9,3.4,0.278,0.6,1.7,0.364,0.399,0.8,1.0,0.788,0.3,1.4,1.7,0.6,0.3,0.2,0.6,1.5,4.9
3,28.0,34.0,4.0,22.7,2.3,5.7,0.407,1.7,4.5,0.382,0.6,1.2,0.5,0.557,0.6,0.6,0.864,0.2,1.4,1.6,1.6,0.6,0.3,0.8,2.4,6.9
1,30.0,39.0,0.0,23.6,3.0,7.2,0.418,1.6,4.3,0.386,1.4,2.9,0.465,0.532,1.3,1.5,0.85,0.3,2.1,2.4,2.7,0.6,0.2,1.1,1.5,8.9
4,33.0,28.0,25.0,26.0,4.8,9.8,0.495,0.8,2.2,0.371,4.0,7.5,0.531,0.537,2.8,4.0,0.699,2.0,4.8,6.8,1.9,1.3,1.0,1.5,2.6,13.3
2,22.0,8.0,0.0,5.5,1.1,2.3,0.5,0.6,1.3,0.5,0.5,1.0,0.5,0.639,0.3,0.3,1.0,0.4,0.4,0.8,0.8,0.4,0.1,0.0,0.8,3.1
4,27.0,25.0,22.0,30.0,6.0,13.4,0.452,2.5,7.2,0.348,3.5,6.1,0.575,0.546,2.8,3.3,0.841,1.6,7.6,9.2,1.0,0.8,0.6,1.2,2.4,17.4
2,22.0,35.0,35.0,32.3,7.5,18.3,0.41,2.0,6.7,0.299,5.5,11.6,0.474,0.465,3.1,3.9,0.787,0.6,2.9,3.5,3.4,1.6,0.3,2.6,2.7,20.0
2,25.0,2.0,0.0,6.0,0.5,1.5,0.333,0.5,1.5,0.333,0.0,0.0,0.0,0.5,0.0,0.0,0.0,0.0,0.0,0.0,0.5,0.0,0.0,1.0,1.5,1.5
2,20.0,34.0,0.0,18.8,3.6,9.1,0.39,1.6,5.0,0.329,1.9,4.1,0.464,0.481,1.6,1.8,0.902,0.2,1.4,1.7,1.9,0.6,0.3,1.3,1.4,10.4
5,28.0,23.0,2.0,11.0,2.0,4.3,0.47,0.0,0.1,0.0,2.0,4.2,0.485,0.47,0.9,1.4,0.625,1.8,2.3,4.0,0.4,0.3,0.2,0.7,1.4,5.0
3,29.0,36.0,27.0,30.1,5.4,11.1,0.486,1.5,3.4,0.427,3.9,7.7,0.513,0.552,0.9,1.2,0.721,0.8,1.6,2.4,2.1,0.8,0.2,1.1,2.6,13.2
4,27.0,1.0,0.0,5.0,0.0,0.0,0.0,0.0,0.0,0.0,0.0,0.0,0.0,0.0,0.0,0.0,0.0,0.0,3.0,3.0,0.0,0.0,0.0,0.0,1.0,0.0
2,23.0,4.0,0.0,7.3,1.0,2.5,0.4,0.3,0.8,0.333,0.8,1.8,0.429,0.45,0.3,0.5,0.5,0.0,1.3,1.3,1.0,0.5,0.0,0.3,0.3,2.5
4,29.0,34.0,17.0,27.4,5.5,11.0,0.497,2.3,5.2,0.435,3.2,5.8,0.553,0.6,2.2,2.5,0.881,0.8,5.3,6.0,1.4,0.6,0.3,1.4,2.8,15.4
4,29.0,34.0,15.0,26.0,4.2,9.6,0.436,1.4,4.2,0.333,2.8,5.4,0.516,0.509,1.7,2.1,0.781,1.2,3.9,5.1,1.8,0.7,0.6,1.4,3.4,11.5
1,23.0,36.0,1.0,24.6,3.9,8.5,0.459,1.2,2.7,0.438,2.8,5.9,0.469,0.528,0.8,1.0,0.784,0.4,2.3,2.7,4.1,1.0,0.1,0.8,1.3,9.8
1,22.0,32.0,25.0,26.4,5.4,12.0,0.449,1.1,3.4,0.318,4.3,8.6,0.502,0.495,2.4,3.3,0.731,0.6,2.4,3.0,4.0,0.8,0.4,1.9,1.9,14.3
1,21.0,36.0,35.0,34.6,7.2,16.6,0.432,1.8,5.3,0.335,5.4,11.3,0.478,0.486,2.7,3.3,0.829,1.0,3.6,4.6,5.0,0.9,0.4,2.5,2.0,18.8
2,19.0,7.0,0.0,3.7,0.9,2.0,0.429,0.0,0.9,0.0,0.9,1.1,0.75,0.429,0.0,0.3,0.0,0.1,0.3,0.4,0.1,0.3,0.0,0.4,0.1,1.7
4,27.0,32.0,3.0,22.9,2.3,6.2,0.381,1.6,4.6,0.338,0.8,1.5,0.51,0.508,1.5,1.8,0.814,1.1,3.4,4.5,1.5,0.3,0.6,0.9,2.5,7.8
3,21.0,25.0,0.0,10.2,1.1,3.1,0.346,0.7,2.0,0.353,0.4,1.1,0.333,0.462,0.3,0.6,0.533,0.2,0.5,0.7,0.8,0.4,0.0,0.6,0.6,3.2
3,25.0,20.0,1.0,7.2,1.2,2.5,0.469,0.4,1.0,0.35,0.8,1.5,0.552,0.541,0.2,0.2,1.0,0.2,1.3,1.4,0.2,0.2,0.1,0.4,0.9,2.9
5,26.0,37.0,15.0,26.1,3.6,6.7,0.538,0.4,1.0,0.351,3.3,5.7,0.571,0.564,1.5,2.1,0.722,2.2,5.5,7.7,3.2,1.5,0.7,1.3,3.0,9.1
1,27.0,29.0,0.0,15.5,2.6,6.3,0.41,1.1,2.7,0.392,1.5,3.6,0.423,0.495,2.1,2.4,0.857,0.3,1.3,1.6,1.8,0.6,0.2,1.0,1.1,8.3
1,26.0,16.0,0.0,9.8,1.6,3.0,0.542,0.4,1.2,0.368,1.2,1.8,0.655,0.615,0.7,0.8,0.917,0.1,1.1,1.3,1.9,0.4,0.0,0.9,0.9,4.4
4,25.0,26.0,0.0,6.6,1.1,2.4,0.444,0.7,1.7,0.419,0.4,0.8,0.5,0.587,0.3,0.3,0.889,0.2,1.0,1.2,0.5,0.2,0.0,0.2,0.9,3.2
5,33.0,13.0,0.0,11.8,1.6,3.4,0.477,0.0,0.0,0.0,1.6,3.4,0.477,0.477,0.9,1.6,0.571,0.8,2.3,3.1,1.1,0.2,0.5,1.2,1.8,4.2
5,24.0,37.0,1.0,13.9,2.1,3.5,0.597,0.0,0.0,0.0,2.1,3.5,0.597,0.597,0.9,1.3,0.729,1.8,2.9,4.7,0.6,1.1,1.5,0.6,2.2,5.1
4,40.0,10.0,0.0,9.6,1.4,4.4,0.318,0.7,2.6,0.269,0.7,1.8,0.389,0.398,0.6,0.6,1.0,0.0,1.5,1.5,0.2,0.0,0.2,0.4,1.2,4.1
1,20.0,35.0,14.0,21.1,2.3,6.5,0.349,0.9,2.9,0.3,1.4,3.7,0.388,0.415,0.6,0.7,0.808,0.2,1.7,1.9,2.5,0.7,0.3,1.3,2.5,6.0
3,28.0,13.0,0.0,4.9,0.7,1.6,0.429,0.4,1.0,0.385,0.3,0.6,0.5,0.548,0.3,0.3,1.0,0.0,0.3,0.3,0.4,0.1,0.0,0.1,0.3,2.1
5,24.0,39.0,39.0,27.2,5.6,11.2,0.498,0.1,0.6,0.13,5.5,10.6,0.518,0.501,3.7,4.9,0.75,3.5,6.9,10.4,2.9,1.2,1.3,2.3,3.2,14.9
2,26.0,21.0,6.0,16.4,2.0,4.7,0.424,0.4,1.7,0.257,1.6,3.0,0.516,0.47,1.5,2.4,0.64,0.5,2.3,2.8,0.7,0.6,0.3,0.4,1.7,6.0
3,25.0,39.0,3.0,15.8,1.6,3.5,0.453,0.5,1.4,0.364,1.1,2.1,0.512,0.526,0.3,0.5,0.667,0.3,2.4,2.7,1.2,0.6,0.2,0.8,1.7,4.0
5,28.0,17.0,0.0,6.6,1.2,2.6,0.477,0.0,0.3,0.0,1.2,2.3,0.538,0.477,0.4,0.4,1.0,0.7,1.7,2.4,1.2,0.2,0.5,0.5,1.2,2.8
4,24.0,28.0,2.0,11.5,1.4,3.4,0.421,0.6,2.0,0.304,0.8,1.4,0.59,0.511,0.4,0.6,0.647,0.5,1.3,1.8,0.3,0.2,0.0,0.4,0.9,3.9
5,23.0,20.0,3.0,8.0,1.8,3.4,0.537,0.0,0.0,0.0,1.8,3.4,0.537,0.537,0.8,1.0,0.789,1.2,1.2,2.4,0.2,0.1,0.2,0.4,1.5,4.4
1,21.0,23.0,4.0,18.6,2.4,6.3,0.389,0.8,2.5,0.316,1.7,3.8,0.437,0.451,0.7,0.7,0.882,0.3,1.6,1.9,2.3,0.7,0.1,1.5,2.5,6.3
2,20.0,31.0,9.0,19.7,2.2,6.1,0.356,0.6,2.4,0.243,1.6,3.7,0.43,0.404,1.5,2.1,0.723,0.6,2.5,3.1,1.2,0.9,0.4,0.8,2.0,6.4
2,26.0,27.0,27.0,32.8,7.4,17.1,0.434,2.2,6.4,0.347,5.2,10.7,0.486,0.499,3.1,4.2,0.737,0.4,5.9,6.3,5.4,1.8,0.4,2.4,1.9,20.2
4,27.0,36.0,5.0,20.8,3.0,6.7,0.45,1.5,4.3,0.351,1.5,2.4,0.628,0.563,2.1,2.6,0.8,1.0,3.3,4.3,2.0,0.7,0.4,1.3,2.3,9.6
3,23.0,37.0,36.0,31.8,4.1,10.5,0.392,1.4,4.6,0.3,2.8,5.9,0.464,0.458,1.9,2.4,0.795,0.6,4.4,5.0,2.2,0.6,0.2,1.6,2.4,11.5
3,23.0,38.0,7.0,25.8,4.4,10.2,0.43,1.4,4.4,0.323,3.0,5.8,0.511,0.5,2.2,2.7,0.808,0.7,3.4,4.1,0.7,0.8,0.8,1.1,2.5,12.4
5,34.0,32.0,0.0,13.1,1.3,3.2,0.412,0.0,0.1,0.0,1.3,3.1,0.424,0.412,1.8,2.3,0.77,1.8,2.7,4.4,1.5,0.7,0.3,0.8,2.2,4.4
4,23.0,30.0,17.0,29.6,5.9,13.2,0.451,0.9,3.1,0.29,5.0,10.1,0.5,0.485,2.1,2.9,0.724,1.2,5.6,6.8,2.2,0.6,0.3,2.6,2.3,14.9
1,36.0,33.0,0.0,18.7,3.8,8.5,0.443,0.2,0.9,0.267,3.5,7.6,0.464,0.457,1.7,2.4,0.688,0.2,1.4,1.6,3.8,0.5,0.2,1.2,0.9,9.4
3,30.0,3.0,3.0,15.3,2.3,5.7,0.412,1.0,3.3,0.3,1.3,2.3,0.571,0.5,0.0,0.0,0.0,0.3,1.0,1.3,0.7,0.3,0.3,0.7,2.3,5.7
4,29.0,38.0,3.0,14.7,1.4,4.0,0.346,0.8,2.5,0.313,0.6,1.5,0.404,0.444,0.4,0.7,0.64,0.7,1.8,2.5,0.5,0.3,0.2,0.4,0.8,4.0
1,33.0,26.0,26.0,33.2,5.3,12.7,0.415,2.0,5.8,0.353,3.2,6.9,0.467,0.495,3.0,3.7,0.813,0.6,3.4,4.0,8.0,2.1,0.3,3.0,2.6,15.6
1,24.0,31.0,12.0,17.3,2.2,5.4,0.411,0.5,1.9,0.271,1.7,3.5,0.486,0.458,0.7,0.8,0.88,0.3,1.4,1.7,2.7,0.6,0.2,1.1,1.6,5.7
1,24.0,8.0,8.0,26.3,4.6,9.4,0.493,0.8,1.8,0.429,3.9,7.6,0.508,0.533,1.5,2.1,0.706,1.0,3.3,4.3,5.6,0.8,0.1,2.5,2.3,11.5
2,23.0,5.0,0.0,8.6,0.6,2.4,0.25,0.0,1.2,0.0,0.6,1.2,0.5,0.25,0.4,0.4,1.0,0.2,1.4,1.6,1.6,0.2,0.0,0.2,0.2,1.6
5,28.0,36.0,10.0,20.4,3.1,5.2,0.585,0.0,0.1,0.333,3.0,5.1,0.589,0.588,1.1,2.5,0.461,2.3,3.8,6.1,2.3,1.1,0.9,1.6,3.2,7.3
5,30.0,18.0,0.0,9.6,1.8,2.7,0.667,0.0,0.0,0.0,1.8,2.7,0.667,0.667,0.9,1.7,0.533,0.9,1.3,2.2,0.9,0.3,0.2,0.6,0.8,4.4
5,23.0,35.0,4.0,15.3,2.4,4.0,0.612,0.0,0.0,0.0,2.4,4.0,0.612,0.612,0.8,1.3,0.63,2.3,2.9,5.1,1.2,0.2,0.7,0.7,1.5,5.7
3,30.0,29.0,0.0,6.0,0.6,1.1,0.515,0.2,0.4,0.385,0.4,0.7,0.6,0.591,0.9,1.1,0.806,0.2,0.9,1.1,0.5,0.3,0.0,0.3,0.6,2.2
3,25.0,27.0,25.0,28.6,4.7,9.6,0.488,1.3,3.8,0.35,3.4,5.8,0.58,0.558,0.9,1.2,0.758,1.0,4.5,5.5,2.0,1.5,0.6,0.9,1.5,11.7
4,23.0,9.0,4.0,24.4,4.8,11.6,0.413,0.7,2.7,0.25,4.1,8.9,0.463,0.442,1.7,2.4,0.682,1.4,6.6,8.0,1.2,0.4,0.8,1.4,2.7,11.9
5,27.0,34.0,0.0,16.5,3.0,5.4,0.56,0.3,1.6,0.185,2.7,3.8,0.719,0.588,2.3,3.0,0.765,1.3,2.9,4.3,0.9,0.5,0.6,0.9,2.8,8.6
2,25.0,18.0,2.0,17.6,2.5,5.3,0.469,0.8,2.5,0.333,1.7,2.8,0.588,0.547,0.7,0.9,0.813,0.1,2.1,2.2,1.2,0.6,0.2,0.8,1.6,6.6
4,25.0,18.0,1.0,13.5,1.9,3.6,0.538,0.4,1.0,0.389,1.6,2.6,0.596,0.592,0.6,1.2,0.524,1.3,1.9,3.3,0.7,0.2,0.4,0.6,2.2,4.9
4,23.0,1.0,0.0,1.0,1.0,1.0,1.0,0.0,0.0,0.0,1.0,1.0,1.0,1.0,0.0,0.0,0.0,0.0,0.0,0.0,0.0,0.0,0.0,0.0,0.0,2.0
4,21.0,12.0,0.0,6.9,1.2,1.9,0.609,0.0,0.2,0.0,1.2,1.8,0.667,0.609,0.4,0.6,0.714,1.0,1.8,2.8,0.8,0.1,0.2,0.8,1.3,2.8
1,25.0,9.0,0.0,14.7,2.1,4.8,0.442,1.1,2.4,0.455,1.0,2.3,0.429,0.558,1.4,1.9,0.765,0.6,0.7,1.2,1.9,0.8,0.1,1.1,2.0,6.8
5,24.0,38.0,18.0,29.2,7.4,13.7,0.543,0.6,1.8,0.329,6.8,11.9,0.576,0.565,4.4,6.3,0.704,2.4,6.9,9.3,2.7,0.6,0.6,2.4,3.5,19.9
2,34.0,39.0,26.0,30.9,6.1,13.8,0.443,2.9,7.6,0.379,3.2,6.2,0.523,0.548,3.1,3.4,0.903,0.2,2.1,2.3,2.8,0.3,0.2,1.4,1.9,18.3
2,23.0,4.0,0.0,2.5,0.0,0.3,0.0,0.0,0.0,0.0,0.0,0.3,0.0,0.0,0.0,0.0,0.0,0.0,0.0,0.0,0.0,0.0,0.0,0.0,0.3,0.0
2,25.0,36.0,36.0,35.0,6.4,15.6,0.409,2.6,6.9,0.381,3.8,8.8,0.43,0.492,3.1,3.6,0.862,0.9,3.1,3.9,3.7,1.2,0.6,1.9,2.9,18.5
2,23.0,19.0,0.0,5.0,0.4,1.4,0.308,0.4,1.2,0.318,0.1,0.2,0.25,0.442,0.2,0.3,0.8,0.1,0.6,0.7,0.0,0.1,0.0,0.4,0.7,1.4
2,26.0,34.0,4.0,25.6,2.9,7.3,0.398,1.3,4.0,0.328,1.6,3.3,0.482,0.488,0.8,1.5,0.519,0.4,2.2,2.6,2.2,0.6,0.3,1.2,2.6,7.9
3,23.0,2.0,0.0,9.0,2.0,3.5,0.571,0.0,0.0,0.0,2.0,3.5,0.571,0.571,1.0,1.5,0.667,1.0,2.0,3.0,0.5,1.0,0.5,0.0,1.0,5.0
4,24.0,4.0,0.0,7.3,0.5,1.5,0.333,0.5,1.5,0.333,0.0,0.0,0.0,0.5,0.0,0.0,0.0,0.0,1.3,1.3,0.0,0.3,0.0,0.0,0.3,1.5
3,25.0,25.0,16.0,15.6,1.7,4.3,0.389,0.4,1.5,0.297,1.2,2.8,0.437,0.44,0.9,1.0,0.846,0.3,1.2,1.5,0.5,0.4,0.2,0.5,1.0,4.7
2,21.0,8.0,0.0,5.0,1.1,2.3,0.5,0.6,1.1,0.556,0.5,1.1,0.444,0.639,0.0,0.0,0.0,0.0,0.4,0.4,0.1,0.0,0.0,0.1,0.8,2.9
5,20.0,28.0,12.0,17.2,2.0,3.2,0.64,0.0,0.0,0.0,2.0,3.2,0.64,0.64,0.6,1.1,0.531,2.1,1.8,3.9,0.6,0.7,1.8,0.6,3.2,4.7
1,32.0,14.0,2.0,24.4,3.6,7.9,0.45,0.7,2.0,0.357,2.9,5.9,0.482,0.495,0.6,0.9,0.615,0.8,3.6,4.4,6.7,1.0,0.0,2.1,2.1,8.4
1,30.0,32.0,11.0,29.8,7.4,15.2,0.486,1.5,3.3,0.462,5.8,11.9,0.492,0.536,2.6,3.1,0.838,0.7,2.2,2.8,4.8,0.7,0.3,1.8,1.3,18.9
2,27.0,38.0,0.0,25.6,5.0,11.6,0.433,2.1,5.5,0.389,2.9,6.1,0.472,0.525,1.1,1.3,0.82,0.3,2.8,3.1,1.4,0.8,0.4,1.1,1.7,13.3
1,24.0,38.0,4.0,23.1,3.1,8.2,0.383,1.5,4.1,0.359,1.7,4.1,0.406,0.473,1.0,1.3,0.765,0.5,3.5,3.9,2.8,0.9,0.3,0.8,1.4,8.8
1,28.0,38.0,38.0,29.8,4.5,11.4,0.393,1.4,4.2,0.335,3.1,7.2,0.427,0.455,2.3,2.8,0.84,0.4,3.3,3.7,6.3,1.3,0.2,3.1,2.8,12.8
1,22.0,39.0,39.0,29.5,7.1,16.8,0.42,2.4,6.7,0.354,4.7,10.1,0.464,0.491,1.6,2.0,0.808,0.5,3.3,3.8,6.4,1.2,0.3,2.9,1.7,18.2
5,22.0,36.0,1.0,24.9,5.9,9.3,0.631,0.1,0.2,0.833,5.8,9.2,0.627,0.638,2.9,3.9,0.752,2.6,7.0,9.6,2.8,0.6,0.6,2.5,3.2,14.9
4,24.0,38.0,14.0,25.8,3.8,9.0,0.425,1.4,4.2,0.338,2.4,4.8,0.503,0.504,1.6,1.8,0.897,1.4,4.5,5.9,1.6,0.5,0.2,1.3,2.3,10.7
2,27.0,39.0,13.0,21.3,2.4,4.9,0.492,0.6,1.6,0.393,1.8,3.4,0.538,0.554,1.3,1.5,0.817,0.7,1.7,2.4,3.1,0.8,0.2,1.0,2.0,6.7
1,25.0,37.0,10.0,29.6,6.0,14.5,0.411,1.3,4.2,0.31,4.7,10.4,0.452,0.455,2.3,2.8,0.819,0.5,3.4,3.9,4.5,1.0,0.2,2.7,2.3,15.6
4,30.0,38.0,0.0,15.0,1.7,4.6,0.382,0.9,2.6,0.36,0.8,1.9,0.411,0.486,0.2,0.4,0.643,0.5,3.1,3.6,0.9,0.4,0.2,0.5,1.7,4.7
3,34.0,25.0,0.0,11.2,1.1,2.2,0.5,0.5,1.1,0.481,0.6,1.1,0.519,0.62,0.2,0.5,0.5,0.2,2.6,2.8,0.4,0.8,0.0,0.6,0.9,2.9
2,24.0,32.0,0.0,14.2,2.0,5.0,0.404,0.6,2.0,0.317,1.4,3.1,0.459,0.466,0.7,0.9,0.759,0.5,0.9,1.4,1.1,0.3,0.2,0.7,1.5,5.4
1,20.0,39.0,29.0,29.7,5.8,13.9,0.417,0.8,2.1,0.388,5.0,11.8,0.422,0.446,2.3,2.6,0.871,0.6,2.4,3.0,2.7,0.5,0.1,2.2,2.6,14.6
2,21.0,39.0,2.0,20.1,2.6,6.1,0.427,1.7,4.4,0.388,0.9,1.8,0.522,0.565,0.8,0.9,0.811,0.3,1.2,1.5,0.9,0.4,0.2,0.5,2.0,7.7
2,28.0,31.0,29.0,25.7,3.3,8.1,0.406,1.9,5.0,0.377,1.4,3.1,0.454,0.522,0.9,1.0,0.844,0.4,2.5,2.9,2.0,1.3,0.4,0.8,2.4,9.3
4,24.0,39.0,38.0,30.5,5.8,10.0,0.575,0.7,2.1,0.346,5.1,7.9,0.635,0.611,2.5,3.1,0.795,1.4,5.1,6.5,2.8,1.0,0.7,1.7,3.0,14.7
1,22.0,38.0,38.0,33.2,6.5,11.2,0.576,0.0,0.0,0.0,6.5,11.2,0.576,0.576,3.3,5.7,0.588,2.1,7.0,9.1,7.9,1.3,0.8,3.4,2.7,16.3
2,29.0,33.0,7.0,21.0,2.7,7.3,0.369,0.5,2.0,0.227,2.2,5.3,0.423,0.4,1.5,1.8,0.803,0.5,1.9,2.4,2.2,0.5,0.4,1.4,1.6,7.3
2,19.0,6.0,0.0,7.3,0.8,3.0,0.278,0.0,1.0,0.0,0.8,2.0,0.417,0.278,0.2,0.7,0.25,0.0,1.2,1.2,0.3,0.0,0.0,0.5,0.5,1.8
2,24.0,38.0,18.0,26.1,2.4,6.1,0.395,1.2,3.7,0.338,1.2,2.5,0.479,0.496,1.4,1.8,0.765,0.8,2.0,2.8,4.1,1.8,0.3,1.4,2.5,7.4
1,21.0,26.0,26.0,28.0,4.9,11.0,0.446,1.4,3.9,0.366,3.5,7.1,0.489,0.511,1.8,2.7,0.686,0.6,2.2,2.8,4.0,1.3,0.4,3.1,2.5,13.0
1,30.0,22.0,0.0,24.4,3.9,9.3,0.415,1.1,3.5,0.329,2.7,5.9,0.465,0.476,0.4,0.5,0.667,0.0,1.9,1.9,3.0,0.5,0.3,1.1,2.4,9.2
2,33.0,11.0,4.0,20.2,2.5,7.2,0.342,1.1,3.5,0.308,1.4,3.6,0.375,0.418,0.7,0.9,0.8,0.0,1.6,1.6,1.9,1.0,0.3,1.0,1.7,6.7
5,32.0,15.0,1.0,10.2,1.2,3.0,0.4,0.4,0.9,0.429,0.8,2.1,0.387,0.467,0.7,0.8,0.833,0.9,2.1,3.0,0.8,0.1,0.5,0.7,1.5,3.5
2,27.0,37.0,4.0,17.8,2.4,5.2,0.455,1.2,3.2,0.393,1.1,2.0,0.554,0.576,0.7,0.8,0.9,0.4,1.7,2.1,0.8,0.4,0.2,0.4,1.2,6.7
4,21.0,1.0,0.0,1.0,0.0,0.0,0.0,0.0,0.0,0.0,0.0,0.0,0.0,0.0,0.0,0.0,0.0,0.0,0.0,0.0,0.0,0.0,0.0,0.0,0.0,0.0
4,21.0,23.0,8.0,17.7,2.2,5.6,0.388,0.9,2.7,0.323,1.3,2.9,0.448,0.465,1.0,1.3,0.767,1.8,2.5,4.3,1.0,0.7,0.6,0.7,1.5,6.2
2,25.0,38.0,0.0,15.9,2.2,5.3,0.414,1.0,2.9,0.342,1.2,2.4,0.5,0.507,0.8,0.9,0.909,0.3,1.6,1.8,1.4,0.3,0.1,1.0,0.8,6.2
2,28.0,1.0,0.0,7.0,1.0,2.0,0.5,0.0,0.0,0.0,1.0,2.0,0.5,0.5,0.0,0.0,0.0,0.0,0.0,0.0,0.0,1.0,0.0,1.0,0.0,2.0
2,28.0,38.0,0.0,15.2,2.9,6.6,0.45,1.1,2.7,0.388,1.9,3.8,0.493,0.53,0.5,0.7,0.731,0.5,2.6,3.1,1.9,0.6,0.1,1.3,1.7,7.4
1,23.0,7.0,0.0,4.0,0.3,1.0,0.286,0.1,0.4,0.333,0.1,0.6,0.25,0.357,0.0,0.3,0.0,0.3,0.1,0.4,0.1,0.1,0.0,0.4,0.6,0.7
4,21.0,16.0,0.0,8.4,0.8,2.4,0.316,0.1,0.3,0.25,0.7,2.1,0.324,0.329,0.4,0.4,0.857,0.8,2.3,3.1,0.4,0.3,0.0,0.9,1.1,1.9
3,20.0,38.0,38.0,31.3,5.9,13.3,0.445,1.7,4.7,0.367,4.2,8.7,0.486,0.509,2.5,2.9,0.848,1.1,5.4,6.5,1.8,1.1,0.7,1.6,2.2,16.1
1,30.0,24.0,24.0,31.4,3.9,9.8,0.402,0.9,2.7,0.344,3.0,7.1,0.424,0.449,3.3,4.0,0.833,0.4,1.9,2.3,8.4,1.0,0.5,2.3,2.3,12.1
2,32.0,38.0,38.0,32.0,3.6,8.1,0.448,1.5,4.2,0.365,2.1,3.9,0.537,0.542,1.4,1.8,0.786,0.3,2.8,3.1,1.3,1.2,0.4,1.0,2.8,10.2
1,31.0,15.0,0.0,10.0,1.1,2.7,0.425,0.7,1.8,0.37,0.5,0.9,0.538,0.55,0.3,0.5,0.571,0.2,0.9,1.1,2.1,0.2,0.1,1.4,1.8,3.2
2,23.0,2.0,0.0,12.0,0.5,5.5,0.091,0.5,1.5,0.333,0.0,4.0,0.0,0.136,0.5,1.0,0.5,0.5,0.5,1.0,1.0,1.0,0.5,1.0,1.0,2.0
5,26.0,28.0,2.0,15.7,2.6,4.9,0.537,0.5,1.3,0.429,2.1,3.6,0.574,0.592,1.1,1.5,0.698,1.5,2.7,4.1,1.1,0.3,0.6,0.8,3.0,6.8
2,22.0,7.0,0.0,7.1,0.9,2.3,0.375,0.6,1.3,0.444,0.3,1.0,0.286,0.5,0.9,1.3,0.667,0.3,1.0,1.3,0.4,0.1,0.0,0.3,0.6,3.1
4,30.0,16.0,5.0,15.1,1.3,3.4,0.364,0.3,1.4,0.227,0.9,2.1,0.455,0.409,0.7,0.8,0.846,0.4,1.9,2.3,0.5,0.7,0.2,0.6,2.2,3.5
2,28.0,39.0,39.0,34.7,8.3,18.7,0.442,2.5,7.3,0.349,5.7,11.4,0.502,0.51,2.1,2.6,0.81,0.4,3.8,4.2,2.1,1.2,0.7,1.7,2.1,21.1
5,27.0,29.0,29.0,30.0,5.1,9.5,0.542,0.0,0.0,0.0,5.1,9.5,0.542,0.542,1.6,2.6,0.627,4.8,6.5,11.3,2.0,0.8,0.4,1.4,2.3,11.9
2,24.0,23.0,0.0,5.7,0.4,1.0,0.435,0.0,0.3,0.143,0.4,0.7,0.563,0.457,0.3,0.4,0.889,0.0,1.0,1.0,0.4,0.1,0.1,0.5,1.0,1.3
4,33.0,24.0,0.0,14.9,1.5,3.5,0.429,1.2,3.0,0.397,0.3,0.5,0.636,0.601,0.5,0.7,0.688,0.3,1.8,2.1,0.6,0.4,0.4,0.6,1.4,4.7
5,23.0,39.0,39.0,33.8,8.0,16.2,0.493,1.7,4.6,0.382,6.2,11.6,0.536,0.547,4.4,5.3,0.829,3.3,8.9,12.2,3.0,0.9,1.9,3.0,3.7,22.1
2,20.0,3.0,0.0,6.7,1.3,4.3,0.308,0.7,1.7,0.4,0.7,2.7,0.25,0.385,0.0,0.7,0.0,0.0,1.3,1.3,0.0,0.0,0.0,0.3,0.3,3.3
2,23.0,32.0,3.0,22.3,3.5,8.0,0.44,0.6,1.6,0.385,2.9,6.4,0.454,0.479,2.6,3.3,0.8,0.5,2.4,2.9,1.8,0.4,0.3,1.8,1.7,10.3
4,33.0,37.0,37.0,35.1,2.7,6.7,0.407,1.9,4.8,0.385,0.9,1.9,0.464,0.546,0.5,0.8,0.613,1.4,5.0,6.4,1.0,1.2,0.4,0.9,3.1,7.8
1,30.0,38.0,1.0,24.6,3.3,7.1,0.459,0.1,0.8,0.129,3.2,6.3,0.502,0.467,0.9,1.4,0.692,0.6,4.2,4.8,3.9,0.6,0.3,2.0,1.9,7.6
5,22.0,37.0,37.0,27.9,5.3,10.5,0.509,0.7,1.9,0.391,4.6,8.6,0.535,0.544,1.5,2.2,0.695,1.4,5.7,7.1,1.8,0.4,2.8,1.6,2.7,12.9
5,31.0,25.0,0.0,5.7,0.9,1.1,0.821,0.0,0.0,0.0,0.9,1.1,0.821,0.821,0.2,0.5,0.5,0.4,0.9,1.3,0.4,0.1,0.5,0.3,0.8,2.1
1,23.0,1.0,0.0,1.0,0.0,0.0,0.0,0.0,0.0,0.0,0.0,0.0,0.0,0.0,0.0,0.0,0.0,0.0,0.0,0.0,0.0,0.0,0.0,0.0,0.0,0.0
5,26.0,30.0,10.0,18.8,5.0,8.6,0.575,0.3,1.0,0.3,4.7,7.6,0.611,0.593,2.6,3.1,0.819,1.8,5.4,7.2,1.0,0.4,0.8,1.3,2.7,12.8
1,24.0,35.0,13.0,26.3,3.7,9.1,0.408,1.6,4.5,0.357,2.1,4.6,0.457,0.495,1.1,1.5,0.784,0.4,2.1,2.6,4.3,0.9,0.2,1.3,1.6,10.2
4,23.0,39.0,32.0,26.8,3.0,6.4,0.464,0.8,2.1,0.395,2.2,4.3,0.497,0.528,1.8,2.4,0.742,2.0,6.7,8.7,2.1,0.8,0.9,1.3,2.8,8.5
5,28.0,37.0,37.0,30.9,8.5,15.9,0.535,1.1,3.0,0.378,7.4,12.9,0.571,0.571,2.2,2.9,0.783,2.6,9.1,11.7,3.6,1.0,1.2,2.0,2.0,20.4
2,37.0,28.0,0.0,25.5,5.2,12.6,0.414,1.3,4.0,0.319,3.9,8.6,0.458,0.465,2.4,3.5,0.701,0.9,2.7,3.6,3.9,0.6,0.5,2.3,1.7,14.1
5,21.0,10.0,0.0,5.8,1.1,2.8,0.393,0.6,1.3,0.462,0.5,1.5,0.333,0.5,0.3,0.6,0.5,0.3,1.1,1.4,0.7,0.1,0.0,0.4,0.9,3.1
2,27.0,1.0,0.0,11.0,3.0,9.0,0.333,1.0,6.0,0.167,2.0,3.0,0.667,0.389,0.0,2.0,0.0,0.0,2.0,2.0,3.0,0.0,0.0,0.0,0.0,7.0
1,28.0,37.0,37.0,34.5,8.8,19.8,0.441,3.3,9.1,0.364,5.5,10.8,0.506,0.525,4.6,5.6,0.822,0.4,3.8,4.3,6.0,1.3,0.5,2.4,1.6,25.4
1,28.0,32.0,32.0,34.5,7.7,17.3,0.444,1.6,5.3,0.302,6.1,12.0,0.507,0.49,3.8,5.5,0.697,0.5,3.2,3.6,8.7,1.5,0.9,3.8,2.2,20.7
1,24.0,28.0,0.0,9.3,1.7,3.6,0.471,0.0,0.3,0.0,1.7,3.4,0.511,0.471,0.4,0.8,0.522,0.4,1.0,1.4,0.5,0.4,0.2,0.4,1.3,3.9
3,24.0,21.0,20.0,28.7,5.2,12.1,0.431,2.4,6.6,0.367,2.8,5.5,0.509,0.531,2.1,2.6,0.833,0.3,3.7,4.0,2.3,1.1,0.3,2.6,3.0,15.0
1,29.0,15.0,0.0,8.0,1.1,2.3,0.457,0.4,0.9,0.462,0.7,1.5,0.455,0.543,0.3,0.4,0.833,0.0,1.0,1.0,1.5,0.4,0.0,0.6,0.4,2.9
3,25.0,34.0,27.0,31.0,7.1,14.2,0.499,1.9,4.4,0.439,5.2,9.9,0.525,0.566,2.4,2.9,0.828,0.7,3.3,4.0,1.5,1.2,0.7,1.2,2.9,18.5
2,24.0,3.0,0.0,5.3,0.3,1.0,0.333,0.0,0.3,0.0,0.3,0.7,0.5,0.333,0.7,0.7,1.0,0.0,1.7,1.7,0.0,0.0,0.3,0.3,0.0,1.3
5,22.0,8.0,0.0,3.1,0.6,1.3,0.5,0.4,0.9,0.429,0.3,0.4,0.667,0.65,0.0,0.0,0.0,0.0,0.4,0.4,0.4,0.0,0.0,0.1,0.1,1.6
1,30.0,30.0,30.0,34.7,8.2,19.6,0.418,1.1,4.7,0.232,7.1,14.9,0.478,0.446,3.6,5.6,0.633,1.3,9.5,10.8,10.0,2.7,0.3,4.6,3.5,21.1
1,24.0,30.0,18.0,22.8,2.9,6.4,0.453,0.6,1.8,0.321,2.3,4.6,0.504,0.497,0.9,1.1,0.788,0.4,2.5,2.9,3.5,1.0,0.4,1.4,1.7,7.2
4,26.0,3.0,0.0,2.0,0.0,0.7,0.0,0.0,0.7,0.0,0.0,0.0,0.0,0.0,0.0,0.0,0.0,0.3,0.3,0.7,0.0,0.0,0.0,0.0,0.0,0.0
5,29.0,32.0,32.0,26.4,5.6,10.7,0.522,0.1,0.4,0.154,5.5,10.3,0.536,0.525,1.9,4.2,0.448,3.9,9.0,13.0,0.8,0.6,2.5,1.7,2.9,13.1
3,23.0,35.0,35.0,33.9,6.3,15.5,0.403,1.7,4.8,0.345,4.6,10.7,0.429,0.457,2.8,3.9,0.728,0.8,3.1,3.9,2.3,1.1,0.5,1.7,1.9,17.0
2,28.0,6.0,0.0,8.8,0.8,2.3,0.357,0.0,1.0,0.0,0.8,1.3,0.625,0.357,0.0,0.0,0.0,0.0,0.3,0.3,0.5,0.2,0.0,0.5,1.7,1.7
5,23.0,7.0,0.0,12.7,1.6,2.9,0.55,0.0,0.0,0.0,1.6,2.9,0.55,0.55,0.1,0.7,0.2,1.6,1.4,3.0,0.6,0.1,0.6,0.3,2.9,3.3
3,24.0,10.0,0.0,5.1,0.5,1.4,0.357,0.1,0.3,0.333,0.4,1.1,0.364,0.393,0.0,0.0,0.0,0.2,0.8,1.0,0.0,0.1,0.0,0.2,1.1,1.1
2,32.0,34.0,0.0,25.3,5.8,13.9,0.418,1.3,3.6,0.369,4.5,10.4,0.435,0.465,5.4,5.9,0.901,0.4,2.2,2.6,4.8,0.6,0.1,2.4,0.9,18.3
4,32.0,36.0,36.0,27.1,3.5,8.4,0.422,1.9,4.9,0.383,1.7,3.5,0.476,0.533,0.8,1.2,0.714,0.8,4.7,5.6,1.1,0.8,0.7,0.5,2.3,9.8
5,21.0,16.0,0.0,8.9,1.3,1.8,0.75,0.0,0.0,0.0,1.3,1.8,0.75,0.75,0.4,0.6,0.6,1.1,1.7,2.8,0.1,0.2,1.6,0.4,0.9,3.0
3,24.0,18.0,0.0,15.9,2.2,4.8,0.46,0.8,2.3,0.341,1.4,2.6,0.565,0.54,0.5,0.8,0.6,0.5,2.6,3.1,0.6,0.6,0.4,0.4,1.9,5.7
4,22.0,11.0,0.0,18.5,2.4,4.9,0.481,1.0,2.1,0.478,1.4,2.8,0.484,0.583,0.7,1.4,0.533,1.1,4.4,5.5,1.0,0.4,0.5,0.3,2.0,6.5
4,22.0,32.0,19.0,28.6,4.4,10.6,0.414,1.3,3.5,0.369,3.1,7.1,0.436,0.475,1.5,2.3,0.671,1.0,4.2,5.2,4.0,1.1,0.3,2.1,2.4,11.6
4,23.0,6.0,0.0,6.2,1.5,2.8,0.529,0.3,0.7,0.5,1.2,2.2,0.538,0.588,0.8,1.0,0.833,0.7,2.0,2.7,0.3,0.0,0.0,0.3,0.3,4.2
1,26.0,35.0,2.0,18.2,2.5,5.8,0.426,0.7,2.0,0.329,1.8,3.8,0.478,0.483,0.9,1.0,0.882,0.8,1.7,2.5,2.0,0.8,0.3,0.8,0.9,6.5
4,23.0,21.0,0.0,6.0,0.7,1.7,0.4,0.1,0.7,0.214,0.5,1.0,0.524,0.443,0.4,0.6,0.75,0.4,0.6,1.0,0.4,0.2,0.2,0.3,1.1,1.9
2,33.0,4.0,0.0,9.3,0.8,2.3,0.333,0.8,2.0,0.375,0.0,0.3,0.0,0.5,0.0,0.0,0.0,0.0,0.3,0.3,0.5,0.0,0.3,0.5,1.0,2.3
4,30.0,38.0,38.0,30.2,5.3,10.2,0.523,0.3,1.3,0.255,5.0,8.8,0.564,0.54,1.2,2.1,0.577,2.1,3.7,5.8,1.6,1.6,0.5,1.2,2.3,12.2
1,20.0,38.0,38.0,29.4,5.4,13.7,0.392,1.4,4.9,0.282,4.0,8.7,0.455,0.443,3.2,4.0,0.789,0.6,2.3,2.9,7.5,0.8,0.3,4.0,1.6,15.3
5,26.0,35.0,35.0,24.5,3.7,6.6,0.558,0.1,0.5,0.313,3.5,6.1,0.577,0.569,1.8,2.2,0.842,2.1,4.2,6.2,2.1,0.7,0.8,1.3,3.2,9.3
5,22.0,24.0,2.0,10.8,1.5,3.3,0.474,0.0,0.0,0.0,1.5,3.3,0.474,0.474,0.8,1.4,0.606,1.2,2.2,3.4,0.5,0.1,0.3,0.9,1.3,3.9
5,21.0,18.0,5.0,12.9,2.6,4.4,0.595,0.0,0.0,0.0,2.6,4.4,0.595,0.595,0.8,0.8,0.933,1.3,2.5,3.8,0.7,0.2,0.9,0.7,1.8,6.0
