Alex Abrines,2018-19,25,OKC,NBA,SG,29,2,19.8,1.9,5.3,0.359,1.4,4.3,0.323,0.5,1,0.517,0.49,0.4,0.4,0.923,0.2,1.4,1.6,0.7,0.6,0.2,0.5,1.8,5.6
Jaylen Adams,2018-19,22,ATL,NBA,PG,8,0,3.4,0.3,0.8,0.333,0.3,0.6,0.4,0,0.1,0,0.5,0,0,0,0,0.4,0.4,0.5,0.1,0.1,0.1,0,0.8
Steven Adams,2018-19,25,OKC,NBA,C,37,37,33.8,6.4,10.9,0.591,0,0,0,6.4,10.9,0.592,0.591,2.5,4.6,0.535,4.9,5.3,10.2,1.8,1.4,0.8,1.5,2.5,15.3
Bam Adebayo,2018-19,21,MIA,NBA,C,37,5,21.1,2.9,5.3,0.546,0,0.2,0.167,2.9,5.1,0.558,0.548,1.9,2.7,0.717,2.1,4.8,6.9,2.1,0.6,0.8,1.3,2.7,7.7
DeVaughn Akoon-Purcell,2018-19,25,DEN,NBA,SG,7,0,3.1,0.4,1.4,0.3,0,0.6,0,0.4,0.9,0.5,0.3,0.1,0.3,0.5,0.1,0.4,0.6,0.9,0.3,0,0.3,0.6,1
LaMarcus Aldridge,2018-19,33,SAS,NBA,C,39,39,32.4,8,15.9,0.502,0.1,0.4,0.143,7.9,15.6,0.51,0.503,3.9,4.7,0.83,2.9,5.9,8.8,2.3,0.5,1.1,1.8,2.1,19.9
Rawle Alkins,2018-19,21,CHI,NBA,SG,2,0,2,0.5,2,0.25,0.5,0.5,1,0,1.5,0,0.375,0,0,0,1.5,0,1.5,1,0.5,0,0,0,1.5
Grayson Allen,2018-19,23,UTA,NBA,SG,17,1,9.7,1.2,3.6,0.323,0.6,2.4,0.268,0.5,1.2,0.429,0.411,1.1,1.5,0.72,0.1,0.2,0.3,0.4,0.1,0,0.6,1.1,4.1
Jarrett Allen,2018-19,20,BRK,NBA,C,38,38,26.7,4.4,7.7,0.577,0.1,0.7,0.16,4.3,7,0.617,0.584,2.6,3.6,0.73,2.7,5.6,8.3,1.5,0.6,1.4,1.3,2.4,11.6
Al-Farouq Aminu,2018-19,28,POR,NBA,PF,39,39,30.1,3.2,7.4,0.433,1.4,3.9,0.357,1.8,3.5,0.519,0.528,1.7,2.1,0.838,1.5,6.7,8.2,0.9,0.9,0.4,0.8,2.2,9.5
Justin Anderson,2018-19,25,ATL,NBA,SG,20,0,8.8,1.3,3.2,0.391,0.3,1.5,0.207,1,1.8,0.543,0.438,0.5,0.7,0.769,0.5,1.2,1.7,0.5,0.5,0.3,0.5,1,3.3
Kyle Anderson,2018-19,25,MEM,NBA,SF,37,34,30.1,3.5,6.5,0.548,0.2,0.8,0.258,3.3,5.6,0.591,0.565,0.8,1.4,0.566,1.1,5,6.1,3.1,1.3,0.8,1.3,2.6,8.1
Ryan Anderson,2018-19,30,PHO,NBA,PF,15,8,18.5,1.3,4,0.317,0.5,2.3,0.206,0.8,1.7,0.462,0.375,0.7,0.9,0.786,0.9,2.1,3,1.1,0.2,0.1,0.8,1.5,3.7
Ike Anigbogu,2018-19,20,IND,NBA,C,3,0,2,0,1,0,0,0,0,0,1,0,0,0,0,0,0.3,0.7,1,0.3,0,0.3,0.3,0,0
Giannis Antetokounmpo,2018-19,24,MIL,NBA,PF,35,35,33.3,9.7,16.6,0.588,0.3,2.3,0.15,9.4,14.3,0.658,0.598,6.2,8.9,0.695,2.4,10.1,12.5,6.2,1.3,1.6,4.1,3.4,26
Carmelo Anthony,2018-19,34,HOU,NBA,PF,10,2,29.4,4.9,12.1,0.405,2.1,6.4,0.328,2.8,5.7,0.491,0.492,1.5,2.2,0.682,0.9,4.5,5.4,0.5,0.4,0.7,0.8,3.2,13.4
OG Anunoby,2018-19,21,TOR,NBA,SF,34,5,20.7,3,6.9,0.438,1.1,3.4,0.333,1.9,3.4,0.543,0.521,0.3,0.8,0.321,0.8,2.2,3,0.7,0.6,0.3,0.7,2.1,7.4
Ryan Arcidiacono,2018-19,24,CHI,NBA,PG,38,23,27.4,2.2,5.1,0.44,1.3,3.4,0.389,0.9,1.6,0.548,0.573,0.7,0.8,0.833,0.3,2.3,2.6,3.6,1.1,0,0.9,2.3,6.5
Trevor Ariza,2018-19,33,TOT,NBA,SF,35,35,35.4,3.8,10.2,0.372,2.1,6.1,0.349,1.7,4.1,0.406,0.476,1.5,1.8,0.844,0.6,4.9,5.5,3.6,1.6,0.2,1.7,1.8,11.3
D.J. Augustin,2018-19,31,ORL,NBA,PG,37,37,28.1,3.6,7.9,0.459,1.7,3.9,0.434,1.9,4,0.483,0.566,2.3,2.6,0.896,0.5,1.7,2.2,5,0.5,0,1.4,1.4,11.3
Deandre Ayton,2018-19,20,PHO,NBA,C,40,39,31.3,7.4,12.2,0.607,0,0.1,0,7.4,12.1,0.61,0.607,1.9,2.5,0.77,3.3,7.5,10.8,2.2,0.8,0.9,1.9,2.8,16.7
Dwayne Bacon,2018-19,23,CHO,NBA,SG,18,0,12.6,2.2,4.1,0.527,0.6,1.1,0.5,1.6,3,0.537,0.595,0.6,0.7,0.833,0.1,1.7,1.8,0.8,0.2,0,0.7,1.4,5.4
Marvin Bagley,2018-19,19,SAC,NBA,PF,26,0,23.1,4.8,9,0.536,0.3,1,0.346,4.5,8,0.56,0.556,2.7,4,0.683,2.4,3.7,6.1,0.9,0.4,1,1.7,2,12.7
Ron Baker,2018-19,25,TOT,NBA,SG,14,0,10.7,0.3,1.4,0.2,0.1,0.9,0.077,0.2,0.5,0.429,0.225,0.4,0.4,0.833,0.1,0.7,0.8,1.1,0.4,0.1,0.4,1.3,1
Wade Baldwin,2018-19,22,POR,NBA,PG,13,0,5.5,0.6,2,0.308,0.2,0.5,0.286,0.5,1.5,0.316,0.346,0.6,0.8,0.727,0.1,0.6,0.7,0.8,0,0.2,0.8,0.5,2
Lonzo Ball,2018-19,21,LAL,NBA,PG,39,37,29.8,3.8,9.3,0.408,1.5,4.6,0.331,2.3,4.7,0.484,0.49,0.5,1.1,0.429,1.1,4.1,5.1,5,1.5,0.4,2.3,2.4,9.6
Mohamed Bamba,2018-19,20,ORL,NBA,C,37,1,16.8,2.6,5.5,0.468,0.5,1.7,0.286,2.1,3.8,0.549,0.512,0.7,1.4,0.54,1.4,3.5,4.8,0.9,0.3,1.4,0.8,2.3,6.4
J.J. Barea,2018-19,34,DAL,NBA,PG,35,0,19.8,4.2,10,0.42,1,3.4,0.305,3.2,6.6,0.478,0.471,1.5,2.1,0.712,0.3,2.1,2.5,5.7,0.6,0,1.9,1.3,10.9
Harrison Barnes,2018-19,26,DAL,NBA,SF,34,34,32,6.3,14.6,0.432,2.7,6.4,0.426,3.6,8.3,0.436,0.524,3.2,3.9,0.82,0.8,3.4,4.2,1.1,0.8,0.3,1.4,1.7,18.6
Will Barton,2018-19,28,DEN,NBA,SG,2,2,27,6,10.5,0.571,2.5,4.5,0.556,3.5,6,0.583,0.69,2,2,1,0,5,5,3,0.5,1,1.5,2.5,16.5
Keita Bates-Diop,2018-19,23,MIN,NBA,SF,2,0,9,1,4,0.25,0,2,0,1,2,0.5,0.25,0,0,0,0,1.5,1.5,0,0,0.5,0,0.5,2
Nicolas Batum,2018-19,30,CHO,NBA,SF,37,37,30.5,3.4,7.3,0.458,1.3,3.3,0.402,2,4,0.503,0.548,0.8,0.9,0.824,0.9,4.2,5.1,3.4,0.8,0.4,1.6,1.8,8.8
Jerryd Bayless,2018-19,30,MIN,NBA,PG,6,0,9.5,0.8,3.5,0.238,0.5,1.8,0.273,0.3,1.7,0.2,0.31,0.2,0.5,0.333,0.2,0.7,0.8,1.7,0.3,0,0.8,0.8,2.3
Aron Baynes,2018-19,32,BOS,NBA,C,25,9,14.2,1.9,4.2,0.452,0.5,1.5,0.324,1.4,2.7,0.522,0.51,1.2,1.4,0.861,1.6,2.7,4.2,1.2,0.2,0.4,0.7,2.2,5.5
Kent Bazemore,2018-19,29,ATL,NBA,SG,35,30,27.4,5.1,11.5,0.441,1.5,4.7,0.327,3.5,6.7,0.521,0.509,2.3,3.1,0.752,0.6,3.4,4,2.6,1.7,0.9,2.1,2.7,14
Bradley Beal,2018-19,25,WAS,NBA,SG,39,39,36.7,8.9,18.9,0.468,2.4,7,0.341,6.5,11.9,0.543,0.531,3.7,4.7,0.789,1,4,4.9,4.8,1.2,0.8,2.6,3,23.9
Malik Beasley,2018-19,22,DEN,NBA,SG,36,0,20.8,3.6,7.9,0.458,1.6,4.1,0.401,2,3.8,0.518,0.562,0.6,0.6,0.909,0.4,2.2,2.6,1.2,0.6,0.1,0.5,1.4,9.4
Michael Beasley,2018-19,30,LAL,NBA,PF,11,0,7.5,1.9,3.6,0.525,0.1,0.4,0.25,1.8,3.3,0.556,0.538,0.6,0.9,0.7,0.3,1.4,1.6,0.4,0.2,0,0.6,1.5,4.5
Marco Belinelli,2018-19,32,SAS,NBA,SG,38,0,21.8,3.4,8.6,0.396,1.8,4.8,0.364,1.6,3.7,0.437,0.498,1.3,1.5,0.877,0.2,2,2.3,1.9,0.5,0.1,0.8,1.5,9.9
Jordan Bell,2018-19,24,GSW,NBA,C,37,1,11.5,1.1,2.1,0.526,0,0,0,1.1,2.1,0.532,0.526,0.4,0.5,0.65,0.7,2,2.7,1.2,0.4,0.8,0.5,1.4,2.6
DeAndre' Bembry,2018-19,24,ATL,NBA,SG,38,2,23.4,3.2,7.7,0.419,0.8,2.4,0.315,2.4,5.2,0.467,0.469,1.1,1.8,0.609,0.6,3.7,4.3,2.5,1.3,0.7,1.6,2.3,8.3
Dragan Bender,2018-19,21,PHO,NBA,PF,12,0,8.3,0.8,2.1,0.36,0.2,1.2,0.143,0.6,0.9,0.636,0.4,0.5,0.6,0.857,0.4,1.1,1.5,0.6,0.1,0.1,0.5,0.7,2.2
Davis Bertans,2018-19,26,SAS,NBA,PF,35,4,18.8,2.6,5.3,0.495,1.9,3.9,0.485,0.7,1.4,0.521,0.674,0.6,0.7,0.917,0.4,2.7,3.2,1,0.4,0.4,0.5,1.5,7.7
Patrick Beverley,2018-19,30,LAC,NBA,PG,38,16,24.8,2.3,5.9,0.381,1.3,3.5,0.361,1,2.4,0.409,0.487,1.3,1.7,0.778,0.8,2.9,3.7,3.4,0.6,0.3,1.1,3.6,7.1
Khem Birch,2018-19,26,ORL,NBA,C,14,0,7.4,0.8,1.6,0.478,0,0.1,0,0.8,1.6,0.5,0.478,0.7,0.9,0.833,0.6,1.2,1.8,0.3,0.4,0.2,0.2,0.8,2.3
Bismack Biyombo,2018-19,26,CHO,NBA,C,12,0,8.3,1,1.6,0.632,0,0,0,1,1.6,0.632,0.632,0.5,1.1,0.462,0.6,1.7,2.3,0.3,0.1,0.8,0.3,1.8,2.5
Nemanja Bjelica,2018-19,30,SAC,NBA,PF,38,37,25,4.2,8.4,0.502,1.6,3.7,0.436,2.6,4.8,0.552,0.597,1.1,1.5,0.768,1.6,4.6,6.2,2,0.8,0.9,1.4,2.7,11.2
Antonio Blakeney,2018-19,22,CHI,NBA,SG,31,0,15.9,3.4,8,0.423,0.9,2.1,0.453,2.5,5.9,0.413,0.482,1,1.5,0.667,0.2,1.8,1.9,0.5,0.3,0.2,0.7,0.7,8.7
Eric Bledsoe,2018-19,29,MIL,NBA,PG,37,37,29.5,5.9,11.9,0.498,1.5,4.5,0.327,4.5,7.4,0.6,0.559,2.1,2.8,0.75,1.1,3.4,4.5,5.5,1.3,0.4,2.1,2.3,15.4
Jaron Blossomgame,2018-19,25,CLE,NBA,SF,15,4,18.1,1.7,3.9,0.424,0.6,1.8,0.333,1.1,2.1,0.5,0.5,0.4,0.5,0.857,1.1,2.9,4,0.5,0.4,0.3,0.5,0.6,4.3
Bogdan Bogdanovic,2018-19,26,SAC,NBA,SG,26,4,27.7,5.7,12.8,0.44,2.1,5.7,0.369,3.5,7.1,0.497,0.522,2.2,2.8,0.806,0.5,2.9,3.4,3.7,0.8,0.2,1.6,2.1,15.7
Bojan Bogdanovic,2018-19,29,IND,NBA,SF,38,38,31.8,5.7,11.3,0.503,2,4.4,0.449,3.7,6.9,0.538,0.591,2.8,3.4,0.829,0.5,3.4,3.9,1.7,0.9,0,1.8,1.6,16.2
Jonah Bolden,2018-19,23,PHI,NBA,PF,14,1,10.7,1.2,2.6,0.472,0.2,1.4,0.158,1,1.2,0.824,0.514,0.3,0.6,0.5,0.8,2.1,2.9,0.4,0.2,0.6,0.6,1.7,2.9
Isaac Bonga,2018-19,19,LAL,NBA,PG,5,0,3.4,0.4,1.4,0.286,0,0.2,0,0.4,1.2,0.333,0.286,0.4,0.6,0.667,0.4,0.4,0.8,0.6,0.6,0,0.4,0.6,1.2
Devin Booker,2018-19,22,PHO,NBA,SG,30,30,36,9,19.8,0.452,2.3,7.1,0.324,6.7,12.7,0.524,0.51,5.2,6.2,0.843,0.6,3.2,3.8,7.1,1.1,0.2,3.9,3.5,25.4
Chris Boucher,2018-19,26,TOR,NBA,PF,10,0,5,1.1,2.4,0.458,0.7,1.5,0.467,0.4,0.9,0.444,0.604,0.6,0.8,0.75,0.6,1,1.6,0,0.2,1.3,0.2,0.9,3.5
Avery Bradley,2018-19,28,LAC,NBA,SG,32,32,29.2,3.2,8.1,0.388,0.9,3,0.289,2.3,5.1,0.448,0.442,0.4,0.5,0.8,0.6,1.8,2.5,2,0.6,0.4,1.3,3,7.6
Tony Bradley,2018-19,21,UTA,NBA,C,1,0,9,0,3,0,0,0,0,0,3,0,0,0,0,0,2,1,3,0,0,0,1,1,0
Mikal Bridges,2018-19,22,PHO,NBA,SF,40,26,26.3,2.8,6.7,0.416,1.3,3.8,0.34,1.5,2.9,0.517,0.513,0.9,1.1,0.833,0.6,2.3,2.8,1.5,1.4,0.5,0.7,2.4,7.8
Miles Bridges,2018-19,20,CHO,NBA,SF,35,0,19.9,2.7,5.9,0.447,0.8,2.5,0.326,1.8,3.4,0.538,0.517,0.9,1.2,0.767,0.6,3.1,3.7,1,0.6,0.7,0.7,1.4,7.1
Isaiah Briscoe,2018-19,22,ORL,NBA,PG,16,0,7.4,0.8,2.1,0.394,0.1,0.3,0.25,0.8,1.8,0.414,0.409,0.1,0.3,0.4,0,0.5,0.5,0.7,0,0,0.4,0.6,1.8
Ryan Broekhoff,2018-19,28,DAL,NBA,SG,16,0,5,0.6,1.7,0.37,0.4,1.4,0.273,0.3,0.3,0.8,0.481,0.1,0.1,1,0.1,0.8,0.9,0.2,0.1,0.1,0.1,0.3,1.8
Malcolm Brogdon,2018-19,26,MIL,NBA,SG,34,34,29.2,5.9,11.4,0.514,1.7,3.9,0.433,4.2,7.5,0.557,0.589,1.9,1.9,0.984,1,3.6,4.6,3.3,0.6,0.2,1.7,1.6,15.3
Dillon Brooks,2018-19,23,MEM,NBA,SF,17,0,18.4,2.5,6.5,0.387,0.7,2.1,0.343,1.8,4.5,0.408,0.441,1.3,1.7,0.759,0.5,1.3,1.8,0.9,0.6,0.2,1.1,2.7,7.1
MarShon Brooks,2018-19,30,MEM,NBA,SG,29,0,13.3,2.6,5.8,0.45,0.5,1.9,0.278,2.1,4,0.53,0.494,0.8,1.1,0.697,0.4,1.1,1.6,0.9,0.3,0.1,0.7,1.1,6.6
Bruce Brown,2018-19,22,DET,NBA,SG,29,12,18.7,1.8,4.7,0.39,0.3,1.4,0.244,1.5,3.3,0.453,0.426,0.6,0.9,0.68,0.8,1.9,2.8,1.1,0.5,0.5,0.6,2.6,4.6
Jaylen Brown,2018-19,22,BOS,NBA,SG,33,21,26.6,4.7,10.6,0.443,1.1,3.7,0.295,3.6,6.9,0.522,0.494,1.8,2.7,0.659,1,3,4,1.5,0.8,0.6,1.5,2.7,12.2
Lorenzo Brown,2018-19,28,TOR,NBA,PG,25,0,8.4,0.9,2.8,0.324,0.2,1.1,0.214,0.7,1.7,0.395,0.366,0.1,0.1,1,0.2,1,1.2,1.1,0.5,0.2,0.6,0.9,2.2
Sterling Brown,2018-19,23,MIL,NBA,SG,27,0,14.3,1.9,4.2,0.447,0.7,2,0.333,1.2,2.2,0.55,0.526,0.3,0.4,0.8,0.5,2.4,2.9,1,0.3,0.1,0.5,1.3,4.7
Troy Brown,2018-19,19,WAS,NBA,SF,18,0,6.9,0.9,2.4,0.364,0.2,0.6,0.3,0.7,1.9,0.382,0.398,0.5,0.7,0.75,0.2,1.1,1.3,0.9,0.3,0.1,0.3,0.5,2.4
Jalen Brunson,2018-19,22,DAL,NBA,PG,32,9,16.1,2.4,5.4,0.439,0.4,1.7,0.264,1.9,3.8,0.517,0.48,0.7,1.1,0.611,0.3,1.1,1.4,1.9,0.6,0,0.7,1.3,5.9
Thomas Bryant,2018-19,21,WAS,NBA,C,29,23,17.8,3.4,5.1,0.662,0.2,0.9,0.24,3.2,4.2,0.748,0.682,1.4,1.7,0.857,1.1,4,5.1,0.9,0.4,0.8,0.6,1.3,8.4
Reggie Bullock,2018-19,27,DET,NBA,SG,28,28,29.7,3.9,9.5,0.414,2.4,6,0.393,1.6,3.5,0.449,0.538,1.4,1.6,0.886,0.4,2,2.4,2.3,0.6,0.1,1.2,1.8,11.6
Trey Burke,2018-19,26,NYK,NBA,PG,26,5,19.7,4.2,10.2,0.41,0.9,2.6,0.353,3.3,7.6,0.429,0.455,1.8,2.2,0.828,0.6,1.6,2.2,2.8,0.7,0.1,0.9,0.8,11.2
Alec Burks,2018-19,27,TOT,NBA,SG,36,10,22.6,3.4,8.8,0.392,1.1,3,0.367,2.3,5.8,0.406,0.456,2,2.5,0.809,0.4,3.1,3.4,2,0.6,0.4,1.1,1.4,10
Deonte Burton,2018-19,25,OKC,NBA,SG,15,0,8.7,1.3,3.1,0.435,0.3,0.9,0.308,1.1,2.2,0.485,0.478,0.3,0.4,0.833,0.1,1,1.1,0.3,0.2,0.3,0.5,1.1,3.3
Jimmy Butler,2018-19,29,TOT,NBA,SG,31,31,33.1,6.7,14.5,0.465,1.4,3.6,0.384,5.4,10.9,0.493,0.513,4.2,5,0.844,1.6,3.2,4.8,3.6,2,0.7,1.5,1.8,19.1
Jose Calderon,2018-19,37,DET,NBA,PG,30,0,14.1,1,2.9,0.33,0.2,1.4,0.163,0.7,1.5,0.489,0.369,0.2,0.2,0.714,0.2,1.2,1.4,2.6,0.4,0.1,0.7,1.4,2.3
Kentavious Caldwell-Pope,2018-19,25,LAL,NBA,SG,39,4,23.2,3.3,7.7,0.422,1.7,4.6,0.367,1.6,3.1,0.504,0.532,1.9,2.1,0.892,0.5,2.2,2.6,1,0.8,0.1,0.5,1.6,10.1
Isaiah Canaan,2018-19,27,PHO,NBA,PG,19,15,26.5,2.7,6.8,0.395,1.3,3.8,0.347,1.4,3,0.456,0.492,0.8,1.1,0.75,0.3,2.3,2.6,3.3,0.6,0,1.5,2.4,7.5
Clint Capela,2018-19,24,HOU,NBA,C,37,37,34.2,7.5,11.8,0.636,0,0,0,7.5,11.8,0.636,0.636,2.3,3.8,0.599,5,7.7,12.7,1.4,0.6,1.9,1.6,2.8,17.3
DeMarre Carroll,2018-19,32,BRK,NBA,SF,29,0,23.9,3.1,8,0.39,1.6,4.4,0.349,1.6,3.5,0.441,0.487,2.4,3.1,0.787,0.9,4,4.9,1,0.3,0.1,1.1,1.6,10.2
Jevon Carter,2018-19,23,MEM,NBA,PG,6,0,13.2,1.3,4,0.333,0.3,2,0.167,1,2,0.5,0.375,0,0,0,0,0.8,0.8,1.2,0.8,0.2,0.7,2,3
Vince Carter,2018-19,42,ATL,NBA,SF,35,8,17.5,2.6,6.4,0.408,1.5,4.1,0.372,1.1,2.2,0.474,0.529,0.6,0.7,0.769,0.4,2.3,2.7,1.1,0.6,0.3,0.7,1.7,7.3
Wendell Carter,2018-19,19,CHI,NBA,C,39,39,25.2,4.2,8.6,0.488,0.1,0.7,0.179,4.1,7.8,0.516,0.496,2,2.6,0.782,2,4.9,6.9,1.8,0.6,1.4,1.5,3.5,10.5
Michael Carter-Williams,2018-19,27,HOU,NBA,PG,16,1,9.1,1.6,3.8,0.41,0.4,1.2,0.368,1.1,2.6,0.429,0.467,0.8,1.6,0.462,0.2,0.6,0.8,1.3,0.6,0.4,0.6,1.7,4.3
Alex Caruso,2018-19,24,LAL,NBA,SG,2,0,2.5,0,0,0,0,0,0,0,0,0,0,0,0,0,0.5,0,0.5,0,0,0,0,1,0
Omri Casspi,2018-19,30,MEM,NBA,SF,27,0,11.9,1.9,3.5,0.537,0.3,1,0.333,1.6,2.5,0.618,0.584,1,1.6,0.643,0.3,2.6,2.9,0.8,0.3,0.2,0.5,0.8,5.1
Willie Cauley-Stein,2018-19,25,SAC,NBA,C,38,38,28.8,5.9,11.2,0.529,0,0,1,5.9,11.2,0.528,0.531,1.8,3.3,0.535,2.2,6.4,8.6,2.5,1.1,0.6,1.2,3,13.7
Troy Caupain,2018-19,23,ORL,NBA,PG,2,0,4.5,1,2,0.5,0.5,1,0.5,0.5,1,0.5,0.625,0,0,0,0,1,1,1.5,0.5,0,0,0,2.5
Tyson Chandler,2018-19,36,TOT,NBA,C,35,2,18.3,1.3,2.2,0.61,0,0,0,1.3,2.2,0.618,0.61,1.1,1.8,0.635,2,4.7,6.8,0.8,0.5,0.4,0.9,2.4,3.8
Wilson Chandler,2018-19,31,PHI,NBA,PF,25,21,25.7,2.5,5.7,0.444,1.1,3,0.378,1.4,2.7,0.515,0.542,0.3,0.5,0.667,1.3,3.5,4.8,1.9,0.4,0.4,1.1,2.7,6.5
Marquese Chriss,2018-19,21,HOU,NBA,PF,10,0,5.7,0.8,2.2,0.364,0.1,1,0.1,0.7,1.2,0.583,0.386,0.2,0.3,0.667,0.3,0.8,1.1,0.3,0.1,0.2,0.5,0.9,1.9
Gary Clark,2018-19,24,HOU,NBA,PF,26,0,15.4,1,3.3,0.302,0.8,3,0.278,0.2,0.3,0.571,0.43,0.2,0.2,1,0.5,2.2,2.7,0.5,0.4,0.7,0.1,1.2,3.1
Ian Clark,2018-19,27,NOP,NBA,SG,28,0,14,1.4,4.1,0.351,0.6,2,0.291,0.9,2.1,0.407,0.421,0.4,0.4,0.917,0.2,1.3,1.5,1.3,0.3,0.1,0.8,1.5,3.8
Jordan Clarkson,2018-19,26,CLE,NBA,SG,38,0,26.4,6.6,14.6,0.453,1.7,5.2,0.333,4.9,9.4,0.52,0.513,1.8,2.1,0.861,1,2.3,3.3,2.3,0.7,0.2,1.7,1.6,16.8
John Collins,2018-19,21,ATL,NBA,PF,22,20,29.5,7.6,13.3,0.572,0.7,2.4,0.302,6.9,10.9,0.632,0.599,2.6,3.7,0.695,3.6,6.5,10.2,2.5,0.1,0.5,2.2,3.3,18.5
Zach Collins,2018-19,21,POR,NBA,C,39,0,18.7,2.6,5.4,0.483,0.5,1.7,0.292,2.1,3.7,0.568,0.528,1.3,1.6,0.813,1.3,2.9,4.2,0.9,0.3,0.8,1.1,2.4,7.1
Darren Collison,2018-19,31,IND,NBA,PG,38,38,27.7,3.4,7.6,0.449,0.9,2.5,0.383,2.4,5.1,0.482,0.512,1.4,1.9,0.775,0.5,2.4,2.9,5.5,1.4,0.2,1.5,1.9,9.2
Mike Conley,2018-19,31,MEM,NBA,PG,37,37,34.2,6.8,16.4,0.416,2.1,6.2,0.345,4.7,10.2,0.459,0.481,4.4,5.2,0.845,0.6,2.9,3.5,6.2,1.3,0.4,1.8,1.7,20.2
Pat Connaughton,2018-19,26,MIL,NBA,SG,26,1,18.7,2.3,5.7,0.409,1,3.4,0.281,1.4,2.3,0.6,0.493,0.5,0.8,0.7,0.9,2.9,3.8,2.1,0.5,0.6,0.4,1.2,6.2
Quinn Cook,2018-19,25,GSW,NBA,PG,34,8,15.5,3,6.4,0.468,1.2,2.8,0.442,1.7,3.6,0.488,0.565,0.4,0.5,0.765,0.3,2,2.3,1.7,0.4,0.1,0.8,1.4,7.6
Robert Covington,2018-19,28,TOT,NBA,SF,35,35,34.4,4.5,10.3,0.431,2.4,6.4,0.378,2,3.9,0.518,0.548,1.9,2.5,0.764,0.8,4.7,5.5,1.3,2.1,1.3,1.3,3.6,13.3
Allen Crabbe,2018-19,26,BRK,NBA,SG,28,15,26.1,3,8.9,0.343,2.3,6,0.387,0.7,2.9,0.25,0.474,1.1,1.4,0.789,0.5,3,3.5,1.1,0.6,0.3,1.1,2.4,9.5
Torrey Craig,2018-19,28,DEN,NBA,SF,31,25,20.9,2.1,5.2,0.413,0.7,2.6,0.272,1.4,2.5,0.557,0.481,0.5,0.8,0.615,1.4,2.3,3.7,0.9,0.4,0.5,0.8,2.5,5.5
Jamal Crawford,2018-19,38,PHO,NBA,SG,35,0,17,2.1,6.2,0.346,0.7,2.6,0.272,1.4,3.6,0.4,0.403,1.3,1.5,0.833,0.1,1,1.1,3.2,0.4,0.2,1.4,1.2,6.3
Jae Crowder,2018-19,28,UTA,NBA,SF,38,6,27.2,4.1,9.7,0.425,2.2,6.1,0.352,1.9,3.5,0.552,0.537,2.2,2.9,0.745,0.7,4.1,4.7,1.5,0.7,0.4,0.9,2,12.5
Dante Cunningham,2018-19,31,SAS,NBA,PF,36,21,18.8,1.5,3.1,0.473,0.7,1.4,0.5,0.8,1.7,0.452,0.585,0.3,0.3,0.833,1.1,3.1,4.2,1,0.6,0.3,0.5,1.6,3.9
Seth Curry,2018-19,28,POR,NBA,SG,33,1,16.9,2,4.8,0.414,1.3,2.6,0.494,0.7,2.1,0.314,0.551,0.2,0.2,1,0.3,1.1,1.3,0.9,0.3,0.1,0.7,1.3,5.5
Stephen Curry,2018-19,30,GSW,NBA,PG,28,28,34.7,9.6,19.8,0.488,4.9,11,0.447,4.7,8.7,0.541,0.613,4.7,5.2,0.91,0.6,4.5,5.1,5.3,1.3,0.4,3.1,2.6,28.9
Troy Daniels,2018-19,27,PHO,NBA,SG,17,0,14.4,2.2,5.2,0.42,1.6,4,0.397,0.6,1.2,0.5,0.574,0.4,0.5,0.875,0.3,1.1,1.4,0.5,0.8,0.1,0.8,1.5,6.4
Anthony Davis,2018-19,25,NOP,NBA,C,34,34,37.3,10.4,20.5,0.506,1,3.1,0.324,9.4,17.4,0.538,0.53,6.9,8.6,0.803,3.4,10,13.4,4.4,1.7,2.6,2.1,2.5,28.7
Ed Davis,2018-19,29,BRK,NBA,C,39,1,18,2.4,3.9,0.623,0,0.1,0,2.4,3.8,0.631,0.623,0.8,1.6,0.525,3,5.4,8.4,0.7,0.5,0.4,0.8,2.8,5.6
Tyler Davis,2018-19,21,OKC,NBA,C,1,0,1,0,1,0,0,0,0,0,1,0,0,0,0,0,1,0,1,0,0,0,0,0,0
Dewayne Dedmon,2018-19,29,ATL,NBA,C,30,19,24.2,3.6,7.6,0.467,1,2.8,0.365,2.5,4.8,0.528,0.535,1.4,1.6,0.837,1.5,5.9,7.4,1.2,1.1,1,1.5,3.4,9.5
Sam Dekker,2018-19,24,TOT,NBA,SF-PF,21,5,17,3.1,6,0.52,0.3,1.1,0.292,2.8,4.8,0.574,0.548,0.4,0.6,0.75,1,2.3,3.3,0.9,1.1,0.1,0.5,1.2,7
Matthew Dellavedova,2018-19,28,TOT,NBA,PG,23,0,13.5,1.9,4.1,0.457,1,2.2,0.431,0.9,1.9,0.488,0.574,0.6,0.7,0.933,0,1.2,1.2,3,0.3,0,1.3,1.3,5.3
Luol Deng,2018-19,33,MIN,NBA,SF,4,0,8,1.3,3.3,0.385,0,1.3,0,1.3,2,0.625,0.385,0.5,0.8,0.667,1.5,1.5,3,0.3,0.8,0.3,0.5,0.8,3
DeMar DeRozan,2018-19,29,SAS,NBA,SG,39,39,35.1,8.7,18.2,0.477,0.2,1,0.175,8.5,17.2,0.495,0.482,5.3,6.3,0.841,0.7,5.4,6.1,6.4,1,0.5,2.4,2.2,22.8
Marcus Derrickson,2018-19,22,GSW,NBA,SF,5,0,4.4,0.4,1.4,0.286,0.2,0.6,0.333,0.2,0.8,0.25,0.357,0.4,0.4,1,0.2,0.4,0.6,0,0,0,0.4,1,1.4
Cheick Diallo,2018-19,22,NOP,NBA,PF,27,0,9.7,1.4,2.4,0.569,0,0,0,1.4,2.4,0.578,0.569,0.6,0.8,0.773,0.9,2.8,3.7,0.3,0.4,0.5,0.7,1.3,3.4
Hamidou Diallo,2018-19,20,OKC,NBA,SG,32,2,12.5,2,4.2,0.481,0.1,0.7,0.19,1.9,3.5,0.536,0.496,0.9,1.4,0.644,0.9,1.4,2.4,0.4,0.5,0.3,0.6,1.8,5
Gorgui Dieng,2018-19,29,MIN,NBA,C,39,0,13.7,2.2,4.4,0.497,0.2,0.7,0.259,2,3.7,0.542,0.518,1.1,1.3,0.86,0.9,3.2,4.1,0.7,0.5,0.6,0.7,1.8,5.6
Spencer Dinwiddie,2018-19,25,BRK,NBA,PG,40,4,28.8,5.7,12.3,0.462,2.1,5.5,0.374,3.6,6.8,0.533,0.546,4,5.1,0.789,0.5,2.1,2.5,5.2,0.6,0.3,2.3,2.9,17.4
Donte DiVincenzo,2018-19,22,MIL,NBA,SG,23,0,15.6,1.8,4.7,0.393,0.7,3,0.246,1.1,1.7,0.658,0.472,0.4,0.5,0.818,0.6,1.9,2.4,1.2,0.5,0.3,0.8,1.5,4.8
Luka Doncic,2018-19,19,DAL,NBA,PF,37,37,31.9,6.4,14.7,0.436,2.4,6.3,0.38,4,8.4,0.479,0.518,4.3,5.7,0.757,1.1,5.5,6.6,5,1,0.3,3.4,1.8,19.5
Tyler Dorsey,2018-19,22,ATL,NBA,SG,19,0,10.2,1.4,3.9,0.365,0.3,1.6,0.2,1.1,2.3,0.477,0.405,0.8,1.3,0.625,0.4,1.5,1.8,0.7,0.3,0.1,0.4,0.8,3.9
Damyean Dotson,2018-19,24,NYK,NBA,SG,30,9,25.1,3.9,8.8,0.443,1.4,3.8,0.36,2.5,5,0.507,0.521,0.8,1.1,0.719,0.7,3,3.7,1.1,1,0.1,0.7,1.8,9.9
PJ Dozier,2018-19,22,BOS,NBA,PG,4,0,2.5,0.8,1.5,0.5,0.3,0.5,0.5,0.5,1,0.5,0.583,0,0,0,0.5,0.5,1,0,0,0,0,0.3,1.8
Goran Dragic,2018-19,32,MIA,NBA,PG,14,14,29.1,5.5,13.4,0.41,1.6,5,0.314,3.9,8.4,0.466,0.468,2.7,3.6,0.76,0.6,2.5,3.1,4.9,0.7,0.3,2.5,2.1,15.3
Andre Drummond,2018-19,25,DET,NBA,C,36,36,33,7.2,14.3,0.5,0.1,0.7,0.16,7.1,13.6,0.517,0.504,2.7,5.1,0.524,5.4,9.5,14.9,1.3,1.5,1.8,2.4,3.4,17.1
Jared Dudley,2018-19,33,BRK,NBA,PF,40,22,22.3,1.8,4.5,0.406,0.9,2.9,0.325,0.9,1.7,0.545,0.508,0.6,0.9,0.629,0.6,2.2,2.8,1.5,0.7,0.3,0.8,2.5,5.1
Kris Dunn,2018-19,24,CHI,NBA,PG,13,11,30.6,5.8,11.9,0.484,0.5,1.5,0.35,5.2,10.4,0.504,0.506,1.6,2.1,0.778,0.1,4.8,4.8,6.8,1.2,0.2,2.5,3.9,13.7
Kevin Durant,2018-19,30,GSW,NBA,PF,39,39,35.9,9.8,19.5,0.504,1.8,4.9,0.365,8,14.6,0.551,0.55,7,7.7,0.913,0.5,7,7.5,6.1,0.8,1,3.4,1.9,28.5
Vince Edwards,2018-19,22,HOU,NBA,SF,1,0,4,1,2,0.5,1,2,0.5,0,0,0,0.75,0,0,0,1,0,1,0,0,0,0,0,3
Henry Ellenson,2018-19,22,DET,NBA,PF,2,0,12.5,2,5,0.4,1,2,0.5,1,3,0.333,0.5,1,1,1,0,4.5,4.5,0.5,0,0,0,1,6
Wayne Ellington,2018-19,31,MIA,NBA,SG,20,10,22.7,2.7,7.6,0.358,2.3,6.3,0.365,0.4,1.3,0.32,0.51,0.6,0.7,0.846,0.3,1.8,2.1,1.4,1.1,0.2,0.7,1.7,8.3
Joel Embiid,2018-19,24,PHI,NBA,C,37,37,33.9,8.9,18.4,0.485,1.1,3.8,0.296,7.8,14.5,0.535,0.516,8,9.9,0.802,2.4,11.2,13.6,3.5,0.6,1.9,3.5,3.4,26.9
James Ennis,2018-19,28,HOU,NBA,SF,24,22,24.5,2.8,5.8,0.489,1.2,3.4,0.358,1.6,2.4,0.672,0.594,1,1.5,0.657,1,1.8,2.7,0.7,0.9,0.4,0.6,3.2,7.8
Drew Eubanks,2018-19,21,SAS,NBA,PF,8,0,4.4,1.1,1.4,0.818,0,0,0,1.1,1.4,0.818,0.818,0.5,0.8,0.667,0.1,1,1.1,0.1,0.1,0,0.3,0.4,2.8
Jacob Evans,2018-19,21,GSW,NBA,SG,20,0,4.3,0.3,1.1,0.227,0.1,0.3,0.167,0.2,0.8,0.25,0.25,0,0.1,0,0.1,0.3,0.4,0.6,0.1,0.1,0.2,0.6,0.6
Jawun Evans,2018-19,22,PHO,NBA,PG,4,0,11.5,0.5,2.5,0.2,0,0.5,0,0.5,2,0.25,0.2,0,0,0,0.3,2.3,2.5,2,0.5,0,1,1.5,1
Tyreke Evans,2018-19,29,IND,NBA,SG,34,11,21.1,3.7,9.8,0.38,1.3,3.5,0.358,2.4,6.2,0.392,0.444,1.8,2.3,0.759,0.6,2.2,2.9,2.5,1.2,0.3,1.9,1.8,10.4
Dante Exum,2018-19,23,UTA,NBA,PG,38,1,16.6,2.6,6.1,0.429,0.5,1.6,0.305,2.2,4.6,0.471,0.468,1.7,2.2,0.786,0.4,1.3,1.7,2.7,0.4,0.1,1.2,1.7,7.5
Kenneth Faried,2018-19,29,BRK,NBA,PF,10,0,7.7,1.9,2.8,0.679,0,0.1,0,1.9,2.7,0.704,0.679,0.8,1.4,0.571,0.9,1.8,2.7,0.1,0.1,0.2,0.5,0.7,4.6
Derrick Favors,2018-19,27,UTA,NBA,C,38,33,23.1,4.5,7.5,0.596,0.3,1,0.282,4.2,6.5,0.646,0.616,1.9,3.1,0.629,2.9,4.1,7.1,1,0.7,1.3,1.2,2.3,11.2
Cristiano Felicio,2018-19,26,CHI,NBA,C,24,0,11,1.3,2.3,0.564,0,0,0,1.3,2.3,0.574,0.564,0.6,0.8,0.737,0.9,2.3,3.2,0.5,0.1,0.1,0.5,1,3.2
Raymond Felton,2018-19,34,OKC,NBA,PG,15,0,11.1,1.9,5.1,0.368,0.4,2,0.2,1.5,3.1,0.478,0.408,0.5,0.6,0.889,0.2,1.2,1.4,1.8,0.4,0.3,0.7,0.9,4.7
Terrance Ferguson,2018-19,20,OKC,NBA,SG,31,31,20.8,1.6,4.4,0.378,0.7,2.5,0.295,0.9,1.8,0.491,0.463,0.4,0.5,0.688,0.5,1.1,1.6,0.6,0.5,0.3,0.5,2.8,4.4
Yogi Ferrell,2018-19,25,SAC,NBA,SG,28,2,12.9,2.1,4.7,0.45,0.6,1.8,0.347,1.5,2.9,0.512,0.515,0.9,1.1,0.867,0.1,1.2,1.3,1.5,0.4,0.1,0.4,0.6,5.8
Dorian Finney-Smith,2018-19,25,DAL,NBA,SF,38,11,25,2.7,6.1,0.45,1.1,3,0.348,1.7,3.1,0.552,0.537,1.2,1.7,0.688,1.6,2.7,4.3,0.7,1,0.5,0.8,2.5,7.7
Bryn Forbes,2018-19,25,SAS,NBA,PG,39,39,27.6,4.7,10,0.47,2.2,5,0.436,2.5,5,0.505,0.58,0.8,1,0.842,0.2,2.3,2.5,2.4,0.6,0.1,1.2,2.3,12.4
Evan Fournier,2018-19,26,ORL,NBA,SG,37,37,30.3,5.8,13.4,0.431,2.1,6.2,0.336,3.7,7.2,0.513,0.509,1.5,1.9,0.764,0.5,2.6,3.1,3.8,0.9,0.2,2.2,2.9,15.1
De'Aaron Fox,2018-19,21,SAC,NBA,PG,38,38,32,6.5,13.8,0.472,1.2,3,0.389,5.4,10.8,0.495,0.514,3.8,5.3,0.719,0.6,3,3.6,7.6,1.7,0.6,3.1,2.5,18.1
Melvin Frazier,2018-19,22,ORL,NBA,SG,3,0,5.3,0,1,0,0,0.3,0,0,0.7,0,0,0,0,0,0,0.3,0.3,0,0.3,0,0.3,1,0
Tim Frazier,2018-19,28,NOP,NBA,PG,30,17,19.8,1.8,4.1,0.443,0.7,1.8,0.396,1.1,2.3,0.478,0.529,0.6,0.7,0.773,0.7,2.1,2.9,4.4,0.6,0.1,1.3,2.1,4.9
Channing Frye,2018-19,35,CLE,NBA,C,18,4,9,1.1,3.1,0.339,0.8,2.3,0.366,0.2,0.8,0.267,0.473,0.3,0.3,1,0.2,1.5,1.7,0.3,0.2,0.1,0.4,1.1,3.2
Markelle Fultz,2018-19,20,PHI,NBA,SG,19,15,22.5,3.4,8.2,0.419,0.2,0.7,0.286,3.2,7.4,0.433,0.432,1.1,1.9,0.568,1.4,2.3,3.7,3.1,0.9,0.3,1.3,2.7,8.2
Danilo Gallinari,2018-19,30,LAC,NBA,SF,37,37,31.6,5.9,12.8,0.459,2.4,5.2,0.455,3.5,7.7,0.461,0.551,5.5,6,0.919,1,5.3,6.3,2.5,0.7,0.3,1.4,2,19.6
Langston Galloway,2018-19,27,DET,NBA,SG,35,1,23.7,3.1,8.1,0.387,1.7,5.1,0.333,1.4,3,0.481,0.493,1,1.3,0.8,0.7,1.8,2.5,1.2,0.5,0.1,0.4,1.9,9
Marc Gasol,2018-19,34,MEM,NBA,C,38,38,34.4,5.7,12.8,0.441,1.6,4.2,0.371,4.1,8.6,0.476,0.502,3.1,4,0.768,1,7.5,8.6,4.5,1.3,1.4,2.2,2.8,15.9
Pau Gasol,2018-19,38,SAS,NBA,C,10,0,16.3,2.2,4.3,0.512,0.4,0.7,0.571,1.8,3.6,0.5,0.558,1.3,1.8,0.722,1.1,4.9,6,3,0.1,0.9,0.7,1.7,6.1
Rudy Gay,2018-19,32,SAS,NBA,SF,34,31,26.8,5.5,10.6,0.517,1.1,2.7,0.413,4.4,7.9,0.552,0.569,1.6,1.9,0.848,1,5.5,6.5,2.4,0.9,0.6,1.5,2.7,13.7
Paul George,2018-19,28,OKC,NBA,SF,37,37,35.4,9.2,20.5,0.452,3.4,8.8,0.383,5.9,11.7,0.503,0.534,5.2,6.2,0.834,1.5,6.6,8.1,4,2.2,0.6,2.8,2.9,27
Taj Gibson,2018-19,33,MIN,NBA,PF,38,38,25.5,4.4,7.8,0.559,0.3,0.7,0.393,4.1,7.1,0.576,0.577,1.6,2.3,0.698,2.6,4.1,6.7,1.3,0.8,0.5,1,2.6,10.6
Harry Giles,2018-19,20,SAC,NBA,PF,25,0,10.6,2.4,5,0.468,0,0.2,0,2.4,4.9,0.484,0.468,0.6,1.1,0.536,1,2,3,1.2,0.7,0.2,1,2.2,5.3
Shai Gilgeous-Alexander,2018-19,20,LAC,NBA,PG,38,29,26.5,3.9,8,0.482,0.6,1.5,0.368,3.3,6.5,0.508,0.516,1.8,2.2,0.8,0.8,2.1,2.9,2.9,1,0.6,1.7,2,10.1
Rudy Gobert,2018-19,26,UTA,NBA,C,39,39,31.1,5.7,8.5,0.664,0,0,0,5.7,8.5,0.664,0.664,3.6,5.6,0.645,3.6,8.7,12.3,1.9,0.9,2.1,1.5,2.7,15
Brandon Goodwin,2018-19,23,DEN,NBA,PG,4,0,3.8,0.5,1.3,0.4,0.5,0.5,1,0,0.8,0,0.6,1,1,1,0,0,0,1.5,0,0,0,1,2.5
Aaron Gordon,2018-19,23,ORL,NBA,PF,36,36,33.2,5.9,12.9,0.455,1.5,4.2,0.367,4.3,8.7,0.497,0.514,2,2.9,0.683,1.7,5.8,7.5,3.5,0.8,0.8,1.8,2.4,15.2
Eric Gordon,2018-19,30,HOU,NBA,SG,32,18,33.2,5.6,14.6,0.381,2.6,8.5,0.303,3,6.1,0.49,0.469,2,2.5,0.778,0.4,2,2.4,2.2,0.5,0.4,1.5,2.2,15.7
Marcin Gortat,2018-19,34,LAC,NBA,C,31,29,16.9,2.1,4,0.52,0,0,0,2.1,4,0.52,0.52,1,1.3,0.795,1.4,4.4,5.8,1.6,0.2,0.5,1.2,2.1,5.2
Devonte' Graham,2018-19,23,CHO,NBA,PG,17,1,12,1.5,3.9,0.388,0.5,1.9,0.273,1,2,0.5,0.455,0.5,0.5,1,0,1.1,1.1,2.1,0.7,0,0.6,1,4.1
Treveon Graham,2018-19,25,BRK,NBA,SG,3,0,13,0.3,2.3,0.143,0,1,0,0.3,1.3,0.25,0.143,0,0,0,0.7,1.3,2,0.7,0.3,0,1,1.7,0.7
Jerami Grant,2018-19,24,OKC,NBA,PF,38,35,31.1,4.7,9,0.523,1.1,3,0.351,3.7,6,0.61,0.582,1.8,2.7,0.68,1,3.9,4.9,0.9,0.8,1.2,0.9,2.5,12.3
Jerian Grant,2018-19,26,ORL,NBA,PG,38,1,18.3,1.6,4,0.395,0.7,1.9,0.342,0.9,2.1,0.443,0.477,0.4,0.6,0.625,0.4,1.4,1.8,3.1,0.9,0.1,1.1,1.6,4.2
Danny Green,2018-19,31,TOR,NBA,SG,39,39,29.4,3.4,8,0.428,2.1,5.3,0.396,1.3,2.7,0.49,0.559,0.4,0.4,0.933,1,3.2,4.2,1.3,0.8,0.8,1.1,2.5,9.3
Draymond Green,2018-19,28,GSW,NBA,PF,25,25,31.6,2.9,7.1,0.412,0.6,2.4,0.237,2.4,4.7,0.5,0.452,0.9,1.2,0.767,0.9,7,8,6.7,1.8,0.9,3,3.4,7.3
Gerald Green,2018-19,33,HOU,NBA,SG,33,0,19.3,2.8,7,0.409,2,5.6,0.351,0.9,1.4,0.644,0.55,0.5,0.6,0.842,0.5,2.2,2.6,0.5,0.4,0.2,0.7,1.8,8.2
JaMychal Green,2018-19,28,MEM,NBA,PF,26,2,23,4,7.8,0.507,0.8,2.1,0.37,3.2,5.7,0.557,0.557,1.4,1.8,0.783,1.8,4.6,6.5,0.8,0.9,0.7,1.6,2.8,10.1
Jeff Green,2018-19,32,WAS,NBA,PF,37,14,26.8,4,8.2,0.487,1.2,3.4,0.352,2.8,4.8,0.582,0.56,2.2,2.4,0.909,1.1,3.8,4.9,1.7,0.6,0.5,1.1,2.1,11.3
Blake Griffin,2018-19,29,DET,NBA,PF,35,35,35.8,8.4,17.9,0.467,2.3,6.4,0.363,6.1,11.6,0.523,0.531,5.8,7.8,0.74,1.3,7.3,8.7,5.2,0.7,0.5,3.8,2.9,24.8
Daniel Hamilton,2018-19,23,ATL,NBA,SG,10,3,10.6,1.1,2.9,0.379,0.3,1.1,0.273,0.8,1.8,0.444,0.431,0.2,0.4,0.5,0.5,1.6,2.1,1,0.1,0,0.6,0.6,2.7
Tim Hardaway,2018-19,26,NYK,NBA,SG,36,36,33.5,6.6,16.8,0.394,2.7,7.7,0.349,3.9,9.1,0.433,0.474,4.7,5.4,0.857,0.6,2.8,3.4,2.9,0.9,0.1,2,2.4,20.6
James Harden,2018-19,29,HOU,NBA,SG,34,34,37.1,9.7,22.1,0.44,4.8,12.2,0.389,5,9.9,0.503,0.548,9.4,11,0.85,0.8,5.1,5.9,8.6,2.1,0.6,5.6,3.4,33.6
Maurice Harkless,2018-19,25,POR,NBA,SF,25,18,22.1,2.5,5.5,0.449,0.6,2,0.327,1.8,3.6,0.517,0.507,0.5,0.8,0.65,1,3.2,4.2,0.7,0.9,1,0.6,2.8,6.1
Montrezl Harrell,2018-19,25,LAC,NBA,C,38,0,25.1,6.1,9.7,0.63,0,0.1,0.333,6.1,9.7,0.632,0.631,3.4,5.5,0.612,2.4,4.1,6.6,1.6,0.9,1.4,1.3,2.8,15.7
Devin Harris,2018-19,35,DAL,NBA,PG,28,0,15.5,2.1,5.3,0.401,0.9,2.9,0.293,1.3,2.3,0.538,0.483,1.6,1.9,0.815,0.1,1.6,1.7,1.2,0.8,0.2,0.7,1.6,6.6
Gary Harris,2018-19,24,DEN,NBA,SG,23,21,31.7,5.9,13.6,0.433,1.7,5,0.328,4.2,8.5,0.495,0.494,2.7,3.3,0.803,0.7,2.5,3.2,2.7,1.1,0.4,1.2,2.2,16
Joe Harris,2018-19,27,BRK,NBA,SG,37,37,29.8,5,9.8,0.515,2.5,5.1,0.492,2.5,4.7,0.54,0.643,1.2,1.5,0.833,0.7,2.8,3.5,2.4,0.6,0.2,1.4,2.8,13.8
Tobias Harris,2018-19,26,LAC,NBA,PF,38,38,34.2,7.8,15.4,0.504,1.9,4.6,0.425,5.8,10.9,0.538,0.567,3.3,3.8,0.888,0.8,7.2,8,2.2,0.8,0.4,2,2.1,20.9
Andrew Harrison,2018-19,24,TOT,NBA,SG-PG,17,0,11,0.9,3.1,0.302,0.3,1.5,0.2,0.6,1.6,0.393,0.349,1,1.1,0.944,0.4,0.8,1.2,1.4,0.2,0.1,0.7,2,3.2
Shaquille Harrison,2018-19,25,CHI,NBA,PG,30,0,17.8,2.3,5.5,0.415,0.3,1.3,0.25,1.9,4.1,0.468,0.445,1.1,1.8,0.593,0.4,2.4,2.7,1.6,1.4,0.3,0.7,1.5,5.9
Josh Hart,2018-19,23,LAL,NBA,SG,39,15,26.7,3.4,7.9,0.426,1.7,4.8,0.362,1.6,3.1,0.525,0.535,0.9,1.4,0.661,0.5,3.2,3.7,1.3,1.1,0.7,0.8,2.3,9.5
Isaiah Hartenstein,2018-19,20,HOU,NBA,PF,22,0,8.1,0.8,1.5,0.5,0.1,0.2,0.4,0.7,1.3,0.517,0.529,0.5,0.6,0.786,0.8,0.8,1.6,0.5,0.2,0.4,0.5,2,2.1
Udonis Haslem,2018-19,38,MIA,NBA,C,3,0,4.7,0.7,2,0.333,0,0.7,0,0.7,1.3,0.5,0.333,0,0,0,0.3,1.3,1.7,0,0,0,0.7,1,1.3
Gordon Hayward,2018-19,28,BOS,NBA,SF,34,16,26.8,3.9,9.4,0.419,1.3,4,0.326,2.6,5.4,0.486,0.488,2,2.3,0.896,0.9,4.1,5,3.6,1,0.3,1.4,1.3,11.2
John Henson,2018-19,28,MIL,NBA,C,14,0,13.4,2.2,4.8,0.463,0.8,2.2,0.355,1.4,2.6,0.556,0.545,0.4,0.7,0.6,1.1,3.9,5.1,1,0.5,0.8,0.9,1.1,5.6
Juan Hernangomez,2018-19,23,DEN,NBA,PF,35,24,27.4,3.3,6.8,0.489,1.7,3.8,0.433,1.7,2.9,0.563,0.612,1.7,2.2,0.803,1.5,4.1,5.7,1,0.5,0.5,0.8,1.7,10
Willy Hernangomez,2018-19,24,CHO,NBA,C,29,2,13.2,2.6,5.2,0.507,0.4,0.9,0.48,2.2,4.3,0.512,0.547,1.7,2.3,0.735,2,3.1,5.1,0.9,0.3,0.4,1,1.7,7.4
Mario Hezonja,2018-19,23,NYK,NBA,SF,33,11,17.2,2.7,7,0.39,0.8,2.5,0.298,2,4.5,0.442,0.444,0.8,1.3,0.614,0.3,2.8,3.1,0.9,0.7,0.1,1.1,1.6,7
Buddy Hield,2018-19,26,SAC,NBA,SG,38,38,31.4,7.6,16.1,0.471,3.2,7.3,0.433,4.4,8.8,0.503,0.569,1.8,2.1,0.85,1.2,3.9,5,2.3,0.5,0.4,2,2.5,20.2
Nene Hilario,2018-19,36,HOU,NBA,C,14,0,14.1,1.7,3.4,0.511,0,0.1,0,1.7,3.2,0.533,0.511,0.8,1,0.786,0.9,2.9,3.7,0.7,0.4,0.4,0.3,2.4,4.2
George Hill,2018-19,32,TOT,NBA,PG,25,13,23.7,3.2,6.8,0.476,0.8,2.3,0.362,2.4,4.5,0.536,0.538,1.1,1.5,0.737,0.9,1.5,2.4,2.5,0.8,0.1,0.9,2.3,8.4
Solomon Hill,2018-19,27,NOP,NBA,SF,27,10,21.6,1.5,3.7,0.396,0.7,2.1,0.316,0.8,1.6,0.5,0.485,0.4,0.7,0.632,0.9,2.4,3.3,1.3,0.6,0.3,0.7,1.7,4.1
Aaron Holiday,2018-19,22,IND,NBA,PG,21,0,12.4,2.2,5.3,0.42,0.7,2.6,0.255,1.6,2.7,0.579,0.482,0.9,1,0.864,0.1,1.7,1.8,1.6,0.5,0.4,0.8,1.4,6
Jrue Holiday,2018-19,28,NOP,NBA,SG,39,39,36.9,8,17.1,0.471,1.6,5.1,0.322,6.4,11.9,0.534,0.519,3.2,4.2,0.778,1.2,3.3,4.5,8.5,1.6,0.8,3.7,2.7,20.9
Justin Holiday,2018-19,29,CHI,NBA,SG,38,38,34.9,4,10.4,0.383,2.6,7.1,0.359,1.4,3.3,0.435,0.506,1.1,1.2,0.891,0.5,3.9,4.4,2.2,1.8,0.6,1.2,2.1,11.6
John Holland,2018-19,30,CLE,NBA,SF,1,0,1,0,0,0,0,0,0,0,0,0,0,0,0,0,0,0,0,0,0,0,0,0,0
Rondae Hollis-Jefferson,2018-19,24,BRK,NBA,SF,34,19,24,3.6,8.9,0.405,0.2,1,0.242,3.4,8,0.424,0.418,2.4,3.7,0.659,1.4,4.4,5.8,1.9,0.8,0.5,1.2,2,9.9
Richaun Holmes,2018-19,25,PHO,NBA,C,38,1,15.5,3.1,4.7,0.669,0,0,0,3.1,4.7,0.669,0.669,1.5,2.1,0.709,1.7,2.8,4.5,0.7,0.6,1.2,0.8,2.4,7.7
Rodney Hood,2018-19,26,CLE,NBA,SG,34,34,28,4.6,10.3,0.45,1.3,3.4,0.391,3.3,6.9,0.479,0.514,2.2,2.5,0.894,0.4,2.1,2.5,2,0.9,0.1,0.9,2.4,12.9
Al Horford,2018-19,32,BOS,NBA,C,29,29,28.7,5,10.1,0.5,1.3,3.5,0.373,3.7,6.6,0.568,0.565,0.8,1.2,0.706,1.6,4.7,6.3,3.7,0.8,1.4,1.5,1.8,12.2
Danuel House,2018-19,25,HOU,NBA,SF,19,6,23.6,2.7,5.6,0.477,1.4,3.7,0.366,1.3,1.9,0.694,0.598,2.1,2.6,0.796,0.9,2.5,3.4,0.9,0.5,0.3,0.7,1.9,8.8
Dwight Howard,2018-19,33,WAS,NBA,C,9,9,25.6,4.8,7.7,0.623,0,0,0,4.8,7.7,0.623,0.623,3.2,5.3,0.604,2.7,6.6,9.2,0.4,0.8,0.4,1.8,3.8,12.8
Kevin Huerter,2018-19,20,ATL,NBA,SG,37,21,25.5,3,7.2,0.412,1.5,4,0.381,1.5,3.2,0.45,0.517,0.6,0.8,0.724,0.8,2.1,2.9,2.3,0.7,0.4,1.5,1.9,8
Chandler Hutchison,2018-19,22,CHI,NBA,SF,34,4,17.6,1.7,3.9,0.447,0.3,0.9,0.281,1.5,2.9,0.5,0.481,0.5,0.9,0.552,0.6,2.9,3.5,0.7,0.4,0.1,0.6,1.2,4.2
Serge Ibaka,2018-19,29,TOR,NBA,C,36,27,28,6.6,12.4,0.53,0.8,2.6,0.287,5.8,9.8,0.595,0.561,2,2.5,0.802,2,5.3,7.3,1.5,0.5,1.4,1.7,3.2,15.9
Andre Iguodala,2018-19,35,GSW,NBA,SF,34,11,23.2,1.9,4.2,0.458,0.8,2,0.377,1.2,2.2,0.533,0.549,0.6,1,0.647,0.8,2.7,3.5,3,0.7,0.8,0.8,1.4,5.3
Ersan Ilyasova,2018-19,31,MIL,NBA,PF,25,2,19.9,2.8,6.3,0.439,0.9,2.6,0.354,1.8,3.7,0.5,0.513,1.1,1.3,0.875,1.6,4,5.6,1.2,0.6,0.2,1,2.9,7.6
Joe Ingles,2018-19,31,UTA,NBA,SF,39,39,30.9,4.3,9.7,0.439,2,5.5,0.367,2.3,4.2,0.533,0.543,1.1,1.7,0.642,0.3,3.7,4,4.7,1.6,0.2,2.2,2.4,11.7
Brandon Ingram,2018-19,21,LAL,NBA,SG,28,28,32,6.2,13.4,0.464,0.6,2,0.291,5.6,11.4,0.494,0.485,3.2,5.1,0.634,0.7,3.9,4.6,2.5,0.6,0.7,2.5,2.7,16.2
Kyrie Irving,2018-19,26,BOS,NBA,PG,34,34,32.3,8.8,18,0.488,2.7,6.6,0.408,6.1,11.4,0.534,0.562,2.9,3.4,0.853,1.3,3.7,4.9,6.6,1.6,0.4,2.6,2.3,23.1
Jonathan Isaac,2018-19,21,ORL,NBA,SF,32,21,24.4,2.9,6.9,0.418,0.7,2.4,0.299,2.2,4.5,0.483,0.47,1.8,2.1,0.838,1,3.8,4.8,0.8,0.8,1.2,1.1,2.1,8.3
Wesley Iwundu,2018-19,24,ORL,NBA,SF,28,12,16.8,1.5,4,0.384,0.3,1.1,0.3,1.2,2.9,0.415,0.424,1.3,1.5,0.837,0.4,1.5,1.9,0.8,0.4,0.2,0.6,1.7,4.7
Demetrius Jackson,2018-19,24,PHI,NBA,PG,6,0,6.5,1.3,2.5,0.533,0.3,1,0.333,1,1.5,0.667,0.6,0.7,0.7,1,0.3,0.2,0.5,0.8,0.3,0,0.2,0.7,3.7
Frank Jackson,2018-19,20,NOP,NBA,PG,24,0,11.8,1.5,3.8,0.4,0.6,1.6,0.368,0.9,2.2,0.423,0.478,0.5,0.8,0.722,0.1,0.7,0.8,0.5,0.1,0,0.6,1.4,4.1
Jaren Jackson,2018-19,19,MEM,NBA,C,38,36,25.5,5.1,9.8,0.52,0.8,2.4,0.337,4.3,7.4,0.58,0.562,2.4,3.1,0.778,1.2,3.5,4.7,1.2,0.9,1.6,1.6,3.9,13.4
Josh Jackson,2018-19,21,PHO,NBA,SG,40,9,21.6,3.4,8.7,0.393,0.7,2.2,0.292,2.8,6.5,0.427,0.43,1.4,2.1,0.647,0.6,3.3,3.9,2.1,1,0.6,2.3,2.4,8.9
Justin Jackson,2018-19,23,SAC,NBA,SF,37,3,21.1,2.4,5.6,0.431,1.1,3,0.351,1.4,2.6,0.52,0.524,0.8,0.9,0.8,0.5,2.4,2.9,1.3,0.5,0.2,0.4,1.3,6.7
Reggie Jackson,2018-19,28,DET,NBA,PG,36,36,28.4,5.1,12.5,0.405,2,5.8,0.344,3.1,6.7,0.458,0.486,3.1,3.5,0.866,0.7,2.1,2.8,4.4,0.7,0.2,2.1,2.9,15.2
LeBron James,2018-19,34,LAL,NBA,PF,34,34,34.6,10,19.3,0.518,2,5.6,0.356,8,13.7,0.585,0.57,5.3,7.8,0.682,0.9,7.4,8.3,7.1,1.3,0.7,3.4,1.6,27.3
Amile Jefferson,2018-19,25,ORL,NBA,PF,1,0,4,0,1,0,0,0,0,0,1,0,0,2,2,1,1,0,1,0,0,0,0,1,2
Jonas Jerebko,2018-19,31,GSW,NBA,PF,39,6,20.2,2.7,5.7,0.473,1.2,3.2,0.368,1.5,2.5,0.608,0.577,1.1,1.3,0.843,1.2,3.7,4.9,1.7,0.4,0.2,0.8,2.4,7.7
Alize Johnson,2018-19,22,IND,NBA,PF,4,0,3,0.3,0.8,0.333,0,0,0,0.3,0.8,0.333,0.333,0,0.5,0,0,1,1,0,0,0.3,0,0.8,0.5
Amir Johnson,2018-19,31,PHI,NBA,C,33,2,9.4,1.4,2.7,0.523,0.2,0.6,0.35,1.2,2.1,0.574,0.563,0.6,0.8,0.76,0.7,1.8,2.5,1.2,0.3,0.2,0.9,1.9,3.6
James Johnson,2018-19,31,MIA,NBA,PF,21,19,20.7,3.3,7.6,0.434,1,2.9,0.344,2.3,4.7,0.49,0.5,0.9,1.2,0.731,0.4,2.8,3.2,2.2,0.7,0.3,1,2.1,8.5
Stanley Johnson,2018-19,22,DET,NBA,SF,31,7,21.3,3.3,8.4,0.39,1.2,4.3,0.276,2.1,4,0.512,0.461,0.9,1.2,0.75,0.7,3.2,3.9,1.2,0.9,0.2,1.5,2.1,8.6
Tyler Johnson,2018-19,26,MIA,NBA,PG,30,4,25.4,4.1,9.3,0.444,1.7,4.3,0.391,2.5,5,0.49,0.534,1.7,2.4,0.704,0.4,2.5,3,2.4,1,0.5,1.5,1.8,11.6
Wesley Johnson,2018-19,31,NOP,NBA,SF,24,13,15.4,1.4,3.4,0.402,0.8,2,0.396,0.6,1.4,0.412,0.518,0.2,0.3,0.833,0.4,1.8,2.3,0.7,0.4,0.3,0.5,1.8,3.8
Nikola Jokic,2018-19,23,DEN,NBA,C,36,36,31.1,6.8,13.6,0.497,1.1,3.4,0.317,5.7,10.2,0.557,0.537,3.6,4.3,0.838,2.6,7.4,10,7.6,1.4,0.7,3.3,2.9,18.2
Damian Jones,2018-19,23,GSW,NBA,C,24,22,17.1,2.2,3.1,0.716,0,0,0,2.2,3.1,0.716,0.716,1,1.5,0.649,1.3,1.8,3.1,1.2,0.5,1,0.7,2.6,5.4
Derrick Jones,2018-19,21,MIA,NBA,SF,27,5,17.7,2.5,5.2,0.486,0.5,1.4,0.378,2,3.8,0.524,0.536,1.2,1.9,0.615,2,2.4,4.5,0.5,0.8,0.7,0.7,2.1,6.7
Jalen Jones,2018-19,25,CLE,NBA,SF,12,0,11,1.2,2.9,0.4,0.5,1.3,0.4,0.7,1.7,0.4,0.486,1.1,1.4,0.765,0.7,1.5,2.2,0.4,0.3,0.1,0.3,1.6,3.9
Tyus Jones,2018-19,22,MIN,NBA,PG,38,6,20.3,2.1,5.4,0.39,0.5,1.7,0.297,1.6,3.7,0.433,0.437,0.6,0.7,0.815,0.3,1.4,1.7,3.8,1.3,0.1,0.6,0.9,5.3
DeAndre Jordan,2018-19,30,DAL,NBA,C,38,38,31.2,4.1,6.4,0.642,0,0,0,4.1,6.4,0.642,0.642,2.8,4,0.709,3.1,11,14.2,2.1,0.7,1.1,2.3,2.4,11
Cory Joseph,2018-19,27,IND,NBA,PG,38,0,25.9,3,6.6,0.452,0.8,2.2,0.369,2.2,4.4,0.494,0.514,0.3,0.5,0.6,0.4,3.3,3.7,3.9,1.3,0.2,1.3,1.7,7.1
Frank Kaminsky,2018-19,25,CHO,NBA,PF,22,0,11.6,2,4.1,0.489,0.6,1.8,0.333,1.4,2.3,0.608,0.561,1,1.5,0.667,0.8,1.7,2.5,1.1,0.2,0.2,0.8,1.1,5.6
Enes Kanter,2018-19,26,NYK,NBA,C,39,23,26.5,5.8,10.8,0.54,0.2,0.5,0.35,5.6,10.3,0.55,0.549,2.6,3.1,0.835,3.9,6.8,10.7,2,0.4,0.4,1.8,2.5,14.4
Luke Kennard,2018-19,22,DET,NBA,SG,18,8,19.6,2.8,6.8,0.418,1.2,3.3,0.356,1.7,3.5,0.476,0.504,0.3,0.6,0.6,0.2,2.6,2.8,1.3,0.3,0.2,0.8,1.2,7.2
Michael Kidd-Gilchrist,2018-19,25,CHO,NBA,PF,30,1,19.3,3,6.2,0.487,0.2,0.6,0.353,2.8,5.7,0.5,0.503,1.6,2,0.797,1.9,3.1,4.9,1,0.5,1,0.8,2.7,7.8
George King,2018-19,25,PHO,NBA,SF,1,0,6,0,0,0,0,0,0,0,0,0,0,0,0,0,0,1,1,0,0,0,0,0,0
Maxi Kleber,2018-19,27,DAL,NBA,PF,33,3,18,2.2,5.1,0.438,0.9,3,0.296,1.4,2.2,0.634,0.524,0.8,1,0.765,1.1,2.7,3.8,0.8,0.5,1.2,0.6,1.4,6.2
Brandon Knight,2018-19,27,HOU,NBA,PG,8,0,9.1,0.6,3.5,0.179,0.4,2.6,0.143,0.3,0.9,0.286,0.232,0.1,0.3,0.5,0.1,0.4,0.5,0.6,0.3,0,0.3,1.1,1.8
Kevin Knox,2018-19,19,NYK,NBA,PF,32,14,26.6,4.3,11.6,0.376,1.7,4.7,0.36,2.7,6.9,0.386,0.449,1.8,2.7,0.678,0.9,3.4,4.3,0.9,0.5,0.3,1.2,2.3,12.2
Furkan Korkmaz,2018-19,21,PHI,NBA,SG,31,3,15.1,2.2,5.6,0.394,1,3.3,0.314,1.2,2.4,0.507,0.486,0.6,0.7,0.826,0.3,2.1,2.4,1.1,0.7,0.1,0.5,1.4,6.1
Luke Kornet,2018-19,23,NYK,NBA,PF,17,4,12.7,2.1,4.7,0.438,1.5,3.3,0.464,0.5,1.4,0.375,0.6,0.5,0.6,0.818,0.6,1.9,2.5,1.2,0.3,0.4,0.4,0.7,6.2
Kyle Korver,2018-19,37,TOT,NBA,SG-PF,33,0,17.2,2.6,6,0.442,1.8,4.3,0.418,0.8,1.7,0.5,0.591,0.8,1,0.818,0.1,1.6,1.7,0.9,0.3,0.2,0.8,1.5,7.9
Kosta Koufos,2018-19,29,SAC,NBA,C,24,1,13.5,1.8,3.8,0.473,0,0,0,1.8,3.8,0.473,0.473,0.2,0.5,0.455,1.5,3.5,4.9,1,0.5,0.4,0.6,1.9,3.8
Rodions Kurucs,2018-19,20,BRK,NBA,SF,23,11,19.2,3.2,6.6,0.48,0.7,2.5,0.298,2.4,4.1,0.589,0.536,1.5,1.7,0.895,0.9,2.7,3.7,0.6,0.5,0.3,1,2.2,8.6
Kyle Kuzma,2018-19,23,LAL,NBA,SF,38,36,32.6,7,14.8,0.472,1.8,5.8,0.302,5.2,8.9,0.584,0.532,2.6,3.3,0.78,0.7,5.2,5.8,2.4,0.7,0.5,1.9,2.3,18.3
Skal Labissiere,2018-19,22,SAC,NBA,PF,10,0,9.4,1.1,2.6,0.423,0.3,1,0.3,0.8,1.6,0.5,0.481,0.6,1.1,0.545,0.2,1.7,1.9,0.4,0.2,0.2,0.6,1.9,3.1
Jeremy Lamb,2018-19,26,CHO,NBA,SG,36,36,29.3,5.5,12.3,0.448,1.4,3.9,0.348,4.2,8.4,0.495,0.503,2.8,3.3,0.857,0.8,4.8,5.6,2,1.1,0.3,0.9,2.1,15.3
Zach LaVine,2018-19,23,CHI,NBA,SG,33,32,34.5,8.3,18.2,0.456,1.8,5.1,0.345,6.5,13.1,0.499,0.504,5.2,6,0.868,0.4,4.1,4.5,4.5,1,0.5,3.7,2.3,23.5
Jake Layman,2018-19,24,POR,NBA,SF,28,20,14.1,2.1,4.1,0.509,0.7,2,0.357,1.4,2.1,0.655,0.596,0.3,0.5,0.6,0.6,1.6,2.2,0.3,0.5,0.3,0.6,1,5.2
T.J. Leaf,2018-19,21,IND,NBA,PF,18,0,6.8,0.9,2.4,0.395,0.2,0.7,0.25,0.8,1.7,0.452,0.43,0.2,0.2,0.75,0.6,1.1,1.6,0.3,0.1,0.1,0.3,0.6,2.2
Courtney Lee,2018-19,33,NYK,NBA,SG,10,2,14.9,2,4.5,0.444,0.5,1.5,0.333,1.5,3,0.5,0.5,0.8,1.2,0.667,0.6,1.8,2.4,1.4,0.8,0.2,0.4,1.3,5.3
Damion Lee,2018-19,26,GSW,NBA,SG,16,0,12.2,1.7,3.6,0.466,0.8,1.9,0.419,0.9,1.7,0.519,0.578,0.7,0.8,0.846,0.2,1.6,1.8,0.2,0.5,0,0.5,1.2,4.9
Alex Len,2018-19,25,ATL,NBA,C,34,20,20.2,4.1,8.3,0.491,0.6,1.9,0.313,3.5,6.4,0.543,0.527,1.9,2.9,0.636,2.1,3.4,5.5,1,0.3,1,1.6,2.8,10.6
Kawhi Leonard,2018-19,27,TOR,NBA,SF,31,31,34.7,9.5,19,0.499,1.7,4.7,0.356,7.8,14.3,0.546,0.543,6.5,7.6,0.851,1.3,6.7,8,2.9,1.6,0.5,2.1,1.5,27.1
Meyers Leonard,2018-19,26,POR,NBA,C,36,0,14,2,4,0.5,0.8,1.9,0.426,1.2,2.1,0.566,0.601,0.8,0.9,0.853,0.9,3.2,4.1,1.1,0.3,0.1,0.7,1.6,5.6
Jon Leuer,2018-19,29,DET,NBA,PF,22,1,10.9,1.8,3,0.615,0,0.4,0,1.8,2.6,0.702,0.615,0.7,0.9,0.789,0.7,1.8,2.5,0.4,0.3,0.1,0.6,1.4,4.3
Caris LeVert,2018-19,24,BRK,NBA,SF,14,14,29.7,6.9,14.6,0.475,1.4,4.4,0.311,5.6,10.2,0.545,0.522,3.1,4.4,0.721,1,3.3,4.3,3.7,1.2,0.4,2.1,2.4,18.4
Damian Lillard,2018-19,28,POR,NBA,PG,39,39,35.5,8.8,19.5,0.45,3,7.8,0.387,5.7,11.7,0.492,0.528,6.1,6.8,0.894,0.8,3.9,4.6,5.8,0.9,0.5,2.8,1.9,26.6
Jeremy Lin,2018-19,30,ATL,NBA,PG,34,0,18.7,3.4,7.1,0.479,1,2.6,0.378,2.4,4.4,0.54,0.55,2.7,3.3,0.829,0.3,2.1,2.4,3.4,0.8,0.1,1.8,2,10.5
Shaun Livingston,2018-19,33,GSW,NBA,PG,29,0,16.3,1.9,4.1,0.45,0,0.1,0,1.9,4.1,0.458,0.45,0.8,1.1,0.75,0.8,1.4,2.2,2.2,0.6,0.6,0.7,1.2,4.6
Zach Lofton,2018-19,26,DET,NBA,SG,1,0,4,0,1,0,0,1,0,0,0,0,0,0,0,0,0,0,0,0,1,0,1,0,0
Kevon Looney,2018-19,22,GSW,NBA,C,39,16,20.6,2.9,4.6,0.629,0,0.2,0.143,2.8,4.4,0.649,0.632,0.8,1.4,0.611,2.5,3,5.5,1.8,0.4,0.7,0.7,2.9,6.6
Brook Lopez,2018-19,30,MIL,NBA,C,37,37,27.5,4.3,10.1,0.429,2.6,7.1,0.372,1.7,3,0.563,0.559,1.2,1.5,0.804,0.4,3.5,3.9,1,0.5,1.9,1,2.1,12.5
Robin Lopez,2018-19,30,CHI,NBA,C,32,0,16.8,2.5,4.9,0.503,0.1,0.4,0.231,2.4,4.5,0.528,0.513,0.7,0.9,0.7,1.1,1.4,2.5,1,0.1,0.9,1.5,1.8,5.7
Kevin Love,2018-19,30,CLE,NBA,PF,4,4,34,5.3,16.3,0.323,1.8,6,0.292,3.5,10.3,0.341,0.377,6.8,8.3,0.818,2.5,11,13.5,3.5,0.3,0.3,2.5,3.5,19
Kyle Lowry,2018-19,32,TOR,NBA,PG,30,30,34.1,5,11.5,0.433,2.1,6.6,0.325,2.8,4.9,0.578,0.526,2.4,2.8,0.845,0.5,4,4.5,9.8,1.4,0.5,2.7,2.2,14.4
Jordan Loyd,2018-19,25,TOR,NBA,PG,3,0,5.7,1,1,1,0.7,0.7,1,0.3,0.3,1,1.333,1.3,1.3,1,0.3,1.3,1.7,0.3,0,0,0.3,0.7,4
Timothe Luwawu-Cabarrot,2018-19,23,OKC,NBA,SF,17,1,6.9,0.8,2.4,0.317,0.3,1.2,0.238,0.5,1.2,0.4,0.378,0.2,0.4,0.667,0.2,0.8,1,0.2,0.2,0.1,0.3,0.8,2.1
Tyler Lydon,2018-19,22,DEN,NBA,PF,11,0,3.7,0.5,0.7,0.75,0.3,0.4,0.75,0.3,0.4,0.75,0.938,0.1,0.2,0.5,0.4,0.5,0.8,0.2,0.1,0,0.1,0.4,1.5
Trey Lyles,2018-19,23,DEN,NBA,PF,36,1,19.4,3.4,8.4,0.409,0.8,3.3,0.237,2.6,5.1,0.519,0.455,1.6,2.3,0.699,0.8,3.6,4.4,1.3,0.6,0.5,1.4,1.7,9.2
Shelvin Mack,2018-19,28,MEM,NBA,PG,38,2,23.3,2.9,6.9,0.416,0.9,2.3,0.382,2,4.6,0.434,0.481,1.1,1.6,0.7,0.3,1.6,1.9,3,0.9,0.1,1.1,1.5,7.7
Daryl Macon,2018-19,23,DAL,NBA,SG,1,0,1,0,0,0,0,0,0,0,0,0,0,0,0,0,0,0,0,0,0,0,0,0,0
J.P. Macura,2018-19,23,CHO,NBA,SG,1,0,14,2,8,0.25,0,4,0,2,4,0.5,0.25,0,0,0,0,2,2,2,0,0,0,0,4
Ian Mahinmi,2018-19,32,WAS,NBA,C,20,6,14,1.1,2.5,0.44,0.1,0.4,0.125,1.1,2.1,0.5,0.45,1.7,2.5,0.673,1.4,2,3.4,0.6,0.6,0.5,0.6,2.7,3.9
Thon Maker,2018-19,21,MIL,NBA,C,29,0,12.4,1.8,4.1,0.425,0.8,2.6,0.32,0.9,1.6,0.6,0.525,0.7,1.2,0.528,0.5,2.4,2.9,0.5,0.2,0.6,0.3,1.7,5
Boban Marjanovic,2018-19,30,LAC,NBA,C,29,9,10.9,2.5,4.1,0.613,0,0,0,2.5,4.1,0.619,0.613,2.1,2.7,0.782,1.5,2.8,4.3,0.7,0.3,0.6,1.1,1.7,7.1
Lauri Markkanen,2018-19,21,CHI,NBA,PF,16,15,31.1,6.6,15,0.438,2.7,6.6,0.406,3.9,8.4,0.463,0.527,1.8,2.3,0.806,1.2,6.3,7.5,1.1,1.1,0.6,1.9,2.6,17.6
Jarell Martin,2018-19,24,ORL,NBA,PF,24,1,8,0.9,2.4,0.368,0.2,0.9,0.182,0.7,1.5,0.486,0.404,0.3,0.3,0.875,0.3,1.4,1.7,0.5,0.1,0.3,0.3,1,2.2
Frank Mason,2018-19,24,SAC,NBA,PG,27,0,13.2,1.9,4.7,0.397,0.3,1.6,0.205,1.5,3,0.5,0.433,1.1,1.6,0.705,0.1,1.2,1.3,2.8,0.5,0.1,1,0.9,5.2
Wesley Matthews,2018-19,32,DAL,NBA,SG,32,32,30.6,4.6,11,0.416,2.3,6,0.387,2.3,5.1,0.451,0.521,2.3,2.9,0.798,0.5,1.9,2.5,2.3,0.9,0.2,1.4,2.5,13.8
Luc Mbah a Moute,2018-19,32,LAC,NBA,PF,4,0,15.3,2,4.5,0.444,0.5,1.5,0.333,1.5,3,0.5,0.5,0.5,1.3,0.4,0.5,1.3,1.8,0.5,0.3,0.3,0.5,2,5
Patrick McCaw,2018-19,23,CLE,NBA,SG,2,0,18,1,3.5,0.286,0.5,1,0.5,0.5,2.5,0.2,0.357,0,0,0,0,1,1,1,0.5,0,1.5,0,2.5
CJ McCollum,2018-19,27,POR,NBA,SG,38,38,34.2,8.2,18,0.455,1.9,5.8,0.329,6.3,12.3,0.515,0.508,2.5,3,0.825,0.9,2.8,3.7,2.6,0.8,0.4,1.6,2.7,20.8
T.J. McConnell,2018-19,26,PHI,NBA,PG,33,0,20.2,2.9,5.2,0.559,0.2,0.6,0.333,2.7,4.5,0.591,0.579,0.5,0.5,0.833,0.4,1.8,2.1,3.5,1.1,0.3,1.4,1.7,6.4
Doug McDermott,2018-19,27,IND,NBA,SF,38,0,17.7,2.5,5.1,0.482,1.2,3,0.407,1.3,2.2,0.585,0.6,0.8,1,0.838,0.2,1.2,1.3,0.8,0.3,0.1,0.4,1.4,7
JaVale McGee,2018-19,31,LAL,NBA,C,32,32,23.5,5.4,8.8,0.612,0,0.1,0.25,5.3,8.7,0.617,0.614,1.2,1.9,0.65,2.6,4.3,6.9,0.8,0.8,2.5,1.6,2.5,12
Rodney McGruder,2018-19,27,MIA,NBA,SG,36,36,29.3,3.9,9.1,0.429,1.6,4.2,0.393,2.3,5,0.458,0.518,1,1.3,0.783,1,3.3,4.3,2.3,0.7,0.1,1.3,2.3,10.5
Alfonzo McKinnie,2018-19,26,GSW,NBA,SF,30,0,14.2,2.1,4.5,0.471,0.7,1.8,0.382,1.4,2.7,0.531,0.548,0.4,0.8,0.522,1.3,2.4,3.7,0.4,0.2,0.2,0.4,2,5.4
Ben McLemore,2018-19,25,SAC,NBA,SG,13,0,8,1,3.2,0.317,0.8,2.1,0.37,0.2,1.1,0.214,0.439,0.3,0.5,0.667,0.2,0.7,0.8,0.3,0.2,0.2,0.2,1.2,3.1
Jordan McRae,2018-19,27,WAS,NBA,SG,7,0,4.6,0.3,1.6,0.182,0,0.4,0,0.3,1.1,0.25,0.182,0,0,0,0.1,0.6,0.7,0.3,0.1,0.1,0,0,0.6
Salah Mejri,2018-19,32,DAL,NBA,C,13,0,6.4,1,1.7,0.591,0,0.2,0,1,1.5,0.65,0.591,0.4,0.5,0.833,0.6,1.5,2.2,0.5,0.2,0.1,0.2,1.2,2.4
De'Anthony Melton,2018-19,20,PHO,NBA,PG,23,15,20,2.4,6.3,0.382,0.9,2.5,0.345,1.5,3.7,0.407,0.451,0.5,0.6,0.857,0.4,2,2.4,2.8,1.5,0.3,1.6,2.4,6.2
Chimezie Metu,2018-19,21,SAS,NBA,PF,19,0,5.5,0.8,2.2,0.381,0,0.1,0,0.8,2.1,0.4,0.381,0.6,0.8,0.8,0.4,0.9,1.4,0.6,0.3,0.1,0.5,0.4,2.3
Khris Middleton,2018-19,27,MIL,NBA,SF,35,35,31,6.2,14.1,0.439,2.6,6.8,0.385,3.6,7.3,0.49,0.532,2.9,3.4,0.864,0.5,5.2,5.7,4,1.2,0.1,2.3,2.5,17.9
C.J. Miles,2018-19,31,TOR,NBA,SF,32,1,14.4,1.6,5.1,0.307,0.9,3.4,0.278,0.6,1.7,0.364,0.399,0.8,1,0.788,0.3,1.4,1.7,0.6,0.3,0.2,0.6,1.5,4.9
Darius Miller,2018-19,28,NOP,NBA,SF,34,4,22.7,2.3,5.7,0.407,1.7,4.5,0.382,0.6,1.2,0.5,0.557,0.6,0.6,0.864,0.2,1.4,1.6,1.6,0.6,0.3,0.8,2.4,6.9
Patty Mills,2018-19,30,SAS,NBA,PG,39,0,23.6,3,7.2,0.418,1.6,4.3,0.386,1.4,2.9,0.465,0.532,1.3,1.5,0.85,0.3,2.1,2.4,2.7,0.6,0.2,1.1,1.5,8.9
Paul Millsap,2018-19,33,DEN,NBA,PF,28,25,26,4.8,9.8,0.495,0.8,2.2,0.371,4,7.5,0.531,0.537,2.8,4,0.699,2,4.8,6.8,1.9,1.3,1,1.5,2.6,13.3
Shake Milton,2018-19,22,PHI,NBA,SG,8,0,5.5,1.1,2.3,0.5,0.6,1.3,0.5,0.5,1,0.5,0.639,0.3,0.3,1,0.4,0.4,0.8,0.8,0.4,0.1,0,0.8,3.1
Nikola Mirotic,2018-19,27,NOP,NBA,PF,25,22,30,6,13.4,0.452,2.5,7.2,0.348,3.5,6.1,0.575,0.546,2.8,3.3,0.841,1.6,7.6,9.2,1,0.8,0.6,1.2,2.4,17.4
Donovan Mitchell,2018-19,22,UTA,NBA,SG,35,35,32.3,7.5,18.3,0.41,2,6.7,0.299,5.5,11.6,0.474,0.465,3.1,3.9,0.787,0.6,2.9,3.5,3.4,1.6,0.3,2.6,2.7,20
Naz Mitrou-Long,2018-19,25,UTA,NBA,SG,2,0,6,0.5,1.5,0.333,0.5,1.5,0.333,0,0,0,0.5,0,0,0,0,0,0,0.5,0,0,1,1.5,1.5
Malik Monk,2018-19,20,CHO,NBA,SG,34,0,18.8,3.6,9.1,0.39,1.6,5,0.329,1.9,4.1,0.464,0.481,1.6,1.8,0.902,0.2,1.4,1.7,1.9,0.6,0.3,1.3,1.4,10.4
Greg Monroe,2018-19,28,TOR,NBA,C,23,2,11,2,4.3,0.47,0,0.1,0,2,4.2,0.485,0.47,0.9,1.4,0.625,1.8,2.3,4,0.4,0.3,0.2,0.7,1.4,5
E'Twaun Moore,2018-19,29,NOP,NBA,SF,36,27,30.1,5.4,11.1,0.486,1.5,3.4,0.427,3.9,7.7,0.513,0.552,0.9,1.2,0.721,0.8,1.6,2.4,2.1,0.8,0.2,1.1,2.6,13.2
Eric Moreland,2018-19,27,PHO,NBA,PF,1,0,5,0,0,0,0,0,0,0,0,0,0,0,0,0,0,3,3,0,0,0,0,1,0
Jaylen Morris,2018-19,23,MIL,NBA,SG,4,0,7.3,1,2.5,0.4,0.3,0.8,0.333,0.8,1.8,0.429,0.45,0.3,0.5,0.5,0,1.3,1.3,1,0.5,0,0.3,0.3,2.5
Marcus Morris,2018-19,29,BOS,NBA,PF,34,17,27.4,5.5,11,0.497,2.3,5.2,0.435,3.2,5.8,0.553,0.6,2.2,2.5,0.881,0.8,5.3,6,1.4,0.6,0.3,1.4,2.8,15.4
Markieff Morris,2018-19,29,WAS,NBA,PF,34,15,26,4.2,9.6,0.436,1.4,4.2,0.333,2.8,5.4,0.516,0.509,1.7,2.1,0.781,1.2,3.9,5.1,1.8,0.7,0.6,1.4,3.4,11.5
Monte Morris,2018-19,23,DEN,NBA,PG,36,1,24.6,3.9,8.5,0.459,1.2,2.7,0.438,2.8,5.9,0.469,0.528,0.8,1,0.784,0.4,2.3,2.7,4.1,1,0.1,0.8,1.3,9.8
Emmanuel Mudiay,2018-19,22,NYK,NBA,PG,32,25,26.4,5.4,12,0.449,1.1,3.4,0.318,4.3,8.6,0.502,0.495,2.4,3.3,0.731,0.6,2.4,3,4,0.8,0.4,1.9,1.9,14.3
Jamal Murray,2018-19,21,DEN,NBA,PG,36,35,34.6,7.2,16.6,0.432,1.8,5.3,0.335,5.4,11.3,0.478,0.486,2.7,3.3,0.829,1,3.6,4.6,5,0.9,0.4,2.5,2,18.8
Dzanan Musa,2018-19,19,BRK,NBA,SG,7,0,3.7,0.9,2,0.429,0,0.9,0,0.9,1.1,0.75,0.429,0,0.3,0,0.1,0.3,0.4,0.1,0.3,0,0.4,0.1,1.7
Mike Muscala,2018-19,27,PHI,NBA,PF,32,3,22.9,2.3,6.2,0.381,1.6,4.6,0.338,0.8,1.5,0.51,0.508,1.5,1.8,0.814,1.1,3.4,4.5,1.5,0.3,0.6,0.9,2.5,7.8
Svi Mykhailiuk,2018-19,21,LAL,NBA,SF,25,0,10.2,1.1,3.1,0.346,0.7,2,0.353,0.4,1.1,0.333,0.462,0.3,0.6,0.533,0.2,0.5,0.7,0.8,0.4,0,0.6,0.6,3.2
Abdel Nader,2018-19,25,OKC,NBA,SF,20,1,7.2,1.2,2.5,0.469,0.4,1,0.35,0.8,1.5,0.552,0.541,0.2,0.2,1,0.2,1.3,1.4,0.2,0.2,0.1,0.4,0.9,2.9
Larry Nance,2018-19,26,CLE,NBA,C,37,15,26.1,3.6,6.7,0.538,0.4,1,0.351,3.3,5.7,0.571,0.564,1.5,2.1,0.722,2.2,5.5,7.7,3.2,1.5,0.7,1.3,3,9.1
Shabazz Napier,2018-19,27,BRK,NBA,PG,29,0,15.5,2.6,6.3,0.41,1.1,2.7,0.392,1.5,3.6,0.423,0.495,2.1,2.4,0.857,0.3,1.3,1.6,1.8,0.6,0.2,1,1.1,8.3
Raul Neto,2018-19,26,UTA,NBA,PG,16,0,9.8,1.6,3,0.542,0.4,1.2,0.368,1.2,1.8,0.655,0.615,0.7,0.8,0.917,0.1,1.1,1.3,1.9,0.4,0,0.9,0.9,4.4
Georges Niang,2018-19,25,UTA,NBA,PF,26,0,6.6,1.1,2.4,0.444,0.7,1.7,0.419,0.4,0.8,0.5,0.587,0.3,0.3,0.889,0.2,1,1.2,0.5,0.2,0,0.2,0.9,3.2
Joakim Noah,2018-19,33,MEM,NBA,C,13,0,11.8,1.6,3.4,0.477,0,0,0,1.6,3.4,0.477,0.477,0.9,1.6,0.571,0.8,2.3,3.1,1.1,0.2,0.5,1.2,1.8,4.2
Nerlens Noel,2018-19,24,OKC,NBA,C,37,1,13.9,2.1,3.5,0.597,0,0,0,2.1,3.5,0.597,0.597,0.9,1.3,0.729,1.8,2.9,4.7,0.6,1.1,1.5,0.6,2.2,5.1
Dirk Nowitzki,2018-19,40,DAL,NBA,PF,10,0,9.6,1.4,4.4,0.318,0.7,2.6,0.269,0.7,1.8,0.389,0.398,0.6,0.6,1,0,1.5,1.5,0.2,0,0.2,0.4,1.2,4.1
Frank Ntilikina,2018-19,20,NYK,NBA,PG,35,14,21.1,2.3,6.5,0.349,0.9,2.9,0.3,1.4,3.7,0.388,0.415,0.6,0.7,0.808,0.2,1.7,1.9,2.5,0.7,0.3,1.3,2.5,6
James Nunnally,2018-19,28,MIN,NBA,SF,13,0,4.9,0.7,1.6,0.429,0.4,1,0.385,0.3,0.6,0.5,0.548,0.3,0.3,1,0,0.3,0.3,0.4,0.1,0,0.1,0.3,2.1
Jusuf Nurkic,2018-19,24,POR,NBA,C,39,39,27.2,5.6,11.2,0.498,0.1,0.6,0.13,5.5,10.6,0.518,0.501,3.7,4.9,0.75,3.5,6.9,10.4,2.9,1.2,1.3,2.3,3.2,14.9
David Nwaba,2018-19,26,CLE,NBA,SG,21,6,16.4,2,4.7,0.424,0.4,1.7,0.257,1.6,3,0.516,0.47,1.5,2.4,0.64,0.5,2.3,2.8,0.7,0.6,0.3,0.4,1.7,6
Royce O'Neale,2018-19,25,UTA,NBA,SF,39,3,15.8,1.6,3.5,0.453,0.5,1.4,0.364,1.1,2.1,0.512,0.526,0.3,0.5,0.667,0.3,2.4,2.7,1.2,0.6,0.2,0.8,1.7,4
Kyle O'Quinn,2018-19,28,IND,NBA,C,17,0,6.6,1.2,2.6,0.477,0,0.3,0,1.2,2.3,0.538,0.477,0.4,0.4,1,0.7,1.7,2.4,1.2,0.2,0.5,0.5,1.2,2.8
Semi Ojeleye,2018-19,24,BOS,NBA,PF,28,2,11.5,1.4,3.4,0.421,0.6,2,0.304,0.8,1.4,0.59,0.511,0.4,0.6,0.647,0.5,1.3,1.8,0.3,0.2,0,0.4,0.9,3.9
Jahlil Okafor,2018-19,23,NOP,NBA,C,20,3,8,1.8,3.4,0.537,0,0,0,1.8,3.4,0.537,0.537,0.8,1,0.789,1.2,1.2,2.4,0.2,0.1,0.2,0.4,1.5,4.4
Elie Okobo,2018-19,21,PHO,NBA,PG,23,4,18.6,2.4,6.3,0.389,0.8,2.5,0.316,1.7,3.8,0.437,0.451,0.7,0.7,0.882,0.3,1.6,1.9,2.3,0.7,0.1,1.5,2.5,6.3
Josh Okogie,2018-19,20,MIN,NBA,SG,31,9,19.7,2.2,6.1,0.356,0.6,2.4,0.243,1.6,3.7,0.43,0.404,1.5,2.1,0.723,0.6,2.5,3.1,1.2,0.9,0.4,0.8,2,6.4
Victor Oladipo,2018-19,26,IND,NBA,SG,27,27,32.8,7.4,17.1,0.434,2.2,6.4,0.347,5.2,10.7,0.486,0.499,3.1,4.2,0.737,0.4,5.9,6.3,5.4,1.8,0.4,2.4,1.9,20.2
Kelly Olynyk,2018-19,27,MIA,NBA,PF,36,5,20.8,3,6.7,0.45,1.5,4.3,0.351,1.5,2.4,0.628,0.563,2.1,2.6,0.8,1,3.3,4.3,2,0.7,0.4,1.3,2.3,9.6
Cedi Osman,2018-19,23,CLE,NBA,SF,37,36,31.8,4.1,10.5,0.392,1.4,4.6,0.3,2.8,5.9,0.464,0.458,1.9,2.4,0.795,0.6,4.4,5,2.2,0.6,0.2,1.6,2.4,11.5
Kelly Oubre,2018-19,23,TOT,NBA,SF,38,7,25.8,4.4,10.2,0.43,1.4,4.4,0.323,3,5.8,0.511,0.5,2.2,2.7,0.808,0.7,3.4,4.1,0.7,0.8,0.8,1.1,2.5,12.4
Zaza Pachulia,2018-19,34,DET,NBA,C,32,0,13.1,1.3,3.2,0.412,0,0.1,0,1.3,3.1,0.424,0.412,1.8,2.3,0.77,1.8,2.7,4.4,1.5,0.7,0.3,0.8,2.2,4.4
Jabari Parker,2018-19,23,CHI,NBA,PF,30,17,29.6,5.9,13.2,0.451,0.9,3.1,0.29,5,10.1,0.5,0.485,2.1,2.9,0.724,1.2,5.6,6.8,2.2,0.6,0.3,2.6,2.3,14.9
Tony Parker,2018-19,36,CHO,NBA,PG,33,0,18.7,3.8,8.5,0.443,0.2,0.9,0.267,3.5,7.6,0.464,0.457,1.7,2.4,0.688,0.2,1.4,1.6,3.8,0.5,0.2,1.2,0.9,9.4
Chandler Parsons,2018-19,30,MEM,NBA,SF,3,3,15.3,2.3,5.7,0.412,1,3.3,0.3,1.3,2.3,0.571,0.5,0,0,0,0.3,1,1.3,0.7,0.3,0.3,0.7,2.3,5.7
Patrick Patterson,2018-19,29,OKC,NBA,PF,38,3,14.7,1.4,4,0.346,0.8,2.5,0.313,0.6,1.5,0.404,0.444,0.4,0.7,0.64,0.7,1.8,2.5,0.5,0.3,0.2,0.4,0.8,4
Chris Paul,2018-19,33,HOU,NBA,PG,26,26,33.2,5.3,12.7,0.415,2,5.8,0.353,3.2,6.9,0.467,0.495,3,3.7,0.813,0.6,3.4,4,8,2.1,0.3,3,2.6,15.6
Cameron Payne,2018-19,24,CHI,NBA,PG,31,12,17.3,2.2,5.4,0.411,0.5,1.9,0.271,1.7,3.5,0.486,0.458,0.7,0.8,0.88,0.3,1.4,1.7,2.7,0.6,0.2,1.1,1.6,5.7
Elfrid Payton,2018-19,24,NOP,NBA,PG,8,8,26.3,4.6,9.4,0.493,0.8,1.8,0.429,3.9,7.6,0.508,0.533,1.5,2.1,0.706,1,3.3,4.3,5.6,0.8,0.1,2.5,2.3,11.5
Theo Pinson,2018-19,23,BRK,NBA,SG,5,0,8.6,0.6,2.4,0.25,0,1.2,0,0.6,1.2,0.5,0.25,0.4,0.4,1,0.2,1.4,1.6,1.6,0.2,0,0.2,0.2,1.6
Mason Plumlee,2018-19,28,DEN,NBA,C,36,10,20.4,3.1,5.2,0.585,0,0.1,0.333,3,5.1,0.589,0.588,1.1,2.5,0.461,2.3,3.8,6.1,2.3,1.1,0.9,1.6,3.2,7.3
Miles Plumlee,2018-19,30,ATL,NBA,C,18,0,9.6,1.8,2.7,0.667,0,0,0,1.8,2.7,0.667,0.667,0.9,1.7,0.533,0.9,1.3,2.2,0.9,0.3,0.2,0.6,0.8,4.4
Jakob Poeltl,2018-19,23,SAS,NBA,C,35,4,15.3,2.4,4,0.612,0,0,0,2.4,4,0.612,0.612,0.8,1.3,0.63,2.3,2.9,5.1,1.2,0.2,0.7,0.7,1.5,5.7
Quincy Pondexter,2018-19,30,SAS,NBA,SF,29,0,6,0.6,1.1,0.515,0.2,0.4,0.385,0.4,0.7,0.6,0.591,0.9,1.1,0.806,0.2,0.9,1.1,0.5,0.3,0,0.3,0.6,2.2
Otto Porter,2018-19,25,WAS,NBA,SF,27,25,28.6,4.7,9.6,0.488,1.3,3.8,0.35,3.4,5.8,0.58,0.558,0.9,1.2,0.758,1,4.5,5.5,2,1.5,0.6,0.9,1.5,11.7
Bobby Portis,2018-19,23,CHI,NBA,PF,9,4,24.4,4.8,11.6,0.413,0.7,2.7,0.25,4.1,8.9,0.463,0.442,1.7,2.4,0.682,1.4,6.6,8,1.2,0.4,0.8,1.4,2.7,11.9
Dwight Powell,2018-19,27,DAL,NBA,C,34,0,16.5,3,5.4,0.56,0.3,1.6,0.185,2.7,3.8,0.719,0.588,2.3,3,0.765,1.3,2.9,4.3,0.9,0.5,0.6,0.9,2.8,8.6
Norman Powell,2018-19,25,TOR,NBA,SG,18,2,17.6,2.5,5.3,0.469,0.8,2.5,0.333,1.7,2.8,0.588,0.547,0.7,0.9,0.813,0.1,2.1,2.2,1.2,0.6,0.2,0.8,1.6,6.6
Alex Poythress,2018-19,25,ATL,NBA,PF,18,1,13.5,1.9,3.6,0.538,0.4,1,0.389,1.6,2.6,0.596,0.592,0.6,1.2,0.524,1.3,1.9,3.3,0.7,0.2,0.4,0.6,2.2,4.9
Zhou Qi,2018-19,23,HOU,NBA,PF,1,0,1,1,1,1,0,0,0,1,1,1,1,0,0,0,0,0,0,0,0,0,0,0,2
Ivan Rabb,2018-19,21,MEM,NBA,PF,12,0,6.9,1.2,1.9,0.609,0,0.2,0,1.2,1.8,0.667,0.609,0.4,0.6,0.714,1,1.8,2.8,0.8,0.1,0.2,0.8,1.3,2.8
Chasson Randle,2018-19,25,WAS,NBA,PG,9,0,14.7,2.1,4.8,0.442,1.1,2.4,0.455,1,2.3,0.429,0.558,1.4,1.9,0.765,0.6,0.7,1.2,1.9,0.8,0.1,1.1,2,6.8
Julius Randle,2018-19,24,NOP,NBA,C,38,18,29.2,7.4,13.7,0.543,0.6,1.8,0.329,6.8,11.9,0.576,0.565,4.4,6.3,0.704,2.4,6.9,9.3,2.7,0.6,0.6,2.4,3.5,19.9
J.J. Redick,2018-19,34,PHI,NBA,SG,39,26,30.9,6.1,13.8,0.443,2.9,7.6,0.379,3.2,6.2,0.523,0.548,3.1,3.4,0.903,0.2,2.1,2.3,2.8,0.3,0.2,1.4,1.9,18.3
Davon Reed,2018-19,23,IND,NBA,SG,4,0,2.5,0,0.3,0,0,0,0,0,0.3,0,0,0,0,0,0,0,0,0,0,0,0,0.3,0
Josh Richardson,2018-19,25,MIA,NBA,SG,36,36,35,6.4,15.6,0.409,2.6,6.9,0.381,3.8,8.8,0.43,0.492,3.1,3.6,0.862,0.9,3.1,3.9,3.7,1.2,0.6,1.9,2.9,18.5
Malachi Richardson,2018-19,23,TOR,NBA,SG,19,0,5,0.4,1.4,0.308,0.4,1.2,0.318,0.1,0.2,0.25,0.442,0.2,0.3,0.8,0.1,0.6,0.7,0,0.1,0,0.4,0.7,1.4
Austin Rivers,2018-19,26,TOT,NBA,SG-PG,34,4,25.6,2.9,7.3,0.398,1.3,4,0.328,1.6,3.3,0.482,0.488,0.8,1.5,0.519,0.4,2.2,2.6,2.2,0.6,0.3,1.2,2.6,7.9
Devin Robinson,2018-19,23,WAS,NBA,SF,2,0,9,2,3.5,0.571,0,0,0,2,3.5,0.571,0.571,1,1.5,0.667,1,2,3,0.5,1,0.5,0,1,5
Duncan Robinson,2018-19,24,MIA,NBA,PF,4,0,7.3,0.5,1.5,0.333,0.5,1.5,0.333,0,0,0,0.5,0,0,0,0,1.3,1.3,0,0.3,0,0,0.3,1.5
Glenn Robinson,2018-19,25,DET,NBA,SF,25,16,15.6,1.7,4.3,0.389,0.4,1.5,0.297,1.2,2.8,0.437,0.44,0.9,1,0.846,0.3,1.2,1.5,0.5,0.4,0.2,0.5,1,4.7
Jerome Robinson,2018-19,21,LAC,NBA,SG,8,0,5,1.1,2.3,0.5,0.6,1.1,0.556,0.5,1.1,0.444,0.639,0,0,0,0,0.4,0.4,0.1,0,0,0.1,0.8,2.9
Mitchell Robinson,2018-19,20,NYK,NBA,C,28,12,17.2,2,3.2,0.64,0,0,0,2,3.2,0.64,0.64,0.6,1.1,0.531,2.1,1.8,3.9,0.6,0.7,1.8,0.6,3.2,4.7
Rajon Rondo,2018-19,32,LAL,NBA,PG,14,2,24.4,3.6,7.9,0.45,0.7,2,0.357,2.9,5.9,0.482,0.495,0.6,0.9,0.615,0.8,3.6,4.4,6.7,1,0,2.1,2.1,8.4
Derrick Rose,2018-19,30,MIN,NBA,PG,32,11,29.8,7.4,15.2,0.486,1.5,3.3,0.462,5.8,11.9,0.492,0.536,2.6,3.1,0.838,0.7,2.2,2.8,4.8,0.7,0.3,1.8,1.3,18.9
Terrence Ross,2018-19,27,ORL,NBA,SG,38,0,25.6,5,11.6,0.433,2.1,5.5,0.389,2.9,6.1,0.472,0.525,1.1,1.3,0.82,0.3,2.8,3.1,1.4,0.8,0.4,1.1,1.7,13.3
Terry Rozier,2018-19,24,BOS,NBA,PG,38,4,23.1,3.1,8.2,0.383,1.5,4.1,0.359,1.7,4.1,0.406,0.473,1,1.3,0.765,0.5,3.5,3.9,2.8,0.9,0.3,0.8,1.4,8.8
Ricky Rubio,2018-19,28,UTA,NBA,PG,38,38,29.8,4.5,11.4,0.393,1.4,4.2,0.335,3.1,7.2,0.427,0.455,2.3,2.8,0.84,0.4,3.3,3.7,6.3,1.3,0.2,3.1,2.8,12.8
D'Angelo Russell,2018-19,22,BRK,NBA,PG,39,39,29.5,7.1,16.8,0.42,2.4,6.7,0.354,4.7,10.1,0.464,0.491,1.6,2,0.808,0.5,3.3,3.8,6.4,1.2,0.3,2.9,1.7,18.2
Domantas Sabonis,2018-19,22,IND,NBA,C,36,1,24.9,5.9,9.3,0.631,0.1,0.2,0.833,5.8,9.2,0.627,0.638,2.9,3.9,0.752,2.6,7,9.6,2.8,0.6,0.6,2.5,3.2,14.9
Dario Saric,2018-19,24,TOT,NBA,PF,38,14,25.8,3.8,9,0.425,1.4,4.2,0.338,2.4,4.8,0.503,0.504,1.6,1.8,0.897,1.4,4.5,5.9,1.6,0.5,0.2,1.3,2.3,10.7
Tomas Satoransky,2018-19,27,WAS,NBA,SG,39,13,21.3,2.4,4.9,0.492,0.6,1.6,0.393,1.8,3.4,0.538,0.554,1.3,1.5,0.817,0.7,1.7,2.4,3.1,0.8,0.2,1,2,6.7
Dennis Schroder,2018-19,25,OKC,NBA,PG,37,10,29.6,6,14.5,0.411,1.3,4.2,0.31,4.7,10.4,0.452,0.455,2.3,2.8,0.819,0.5,3.4,3.9,4.5,1,0.2,2.7,2.3,15.6
Mike Scott,2018-19,30,LAC,NBA,PF,38,0,15,1.7,4.6,0.382,0.9,2.6,0.36,0.8,1.9,0.411,0.486,0.2,0.4,0.643,0.5,3.1,3.6,0.9,0.4,0.2,0.5,1.7,4.7
Thabo Sefolosha,2018-19,34,UTA,NBA,SF,25,0,11.2,1.1,2.2,0.5,0.5,1.1,0.481,0.6,1.1,0.519,0.62,0.2,0.5,0.5,0.2,2.6,2.8,0.4,0.8,0,0.6,0.9,2.9
Wayne Selden,2018-19,24,MEM,NBA,SG,32,0,14.2,2,5,0.404,0.6,2,0.317,1.4,3.1,0.459,0.466,0.7,0.9,0.759,0.5,0.9,1.4,1.1,0.3,0.2,0.7,1.5,5.4
Collin Sexton,2018-19,20,CLE,NBA,PG,39,29,29.7,5.8,13.9,0.417,0.8,2.1,0.388,5,11.8,0.422,0.446,2.3,2.6,0.871,0.6,2.4,3,2.7,0.5,0.1,2.2,2.6,14.6
Landry Shamet,2018-19,21,PHI,NBA,SG,39,2,20.1,2.6,6.1,0.427,1.7,4.4,0.388,0.9,1.8,0.522,0.565,0.8,0.9,0.811,0.3,1.2,1.5,0.9,0.4,0.2,0.5,2,7.7
Iman Shumpert,2018-19,28,SAC,NBA,SG,31,29,25.7,3.3,8.1,0.406,1.9,5,0.377,1.4,3.1,0.454,0.522,0.9,1,0.844,0.4,2.5,2.9,2,1.3,0.4,0.8,2.4,9.3
Pascal Siakam,2018-19,24,TOR,NBA,PF,39,38,30.5,5.8,10,0.575,0.7,2.1,0.346,5.1,7.9,0.635,0.611,2.5,3.1,0.795,1.4,5.1,6.5,2.8,1,0.7,1.7,3,14.7
Ben Simmons,2018-19,22,PHI,NBA,PG,38,38,33.2,6.5,11.2,0.576,0,0,0,6.5,11.2,0.576,0.576,3.3,5.7,0.588,2.1,7,9.1,7.9,1.3,0.8,3.4,2.7,16.3
Jonathon Simmons,2018-19,29,ORL,NBA,SG,33,7,21,2.7,7.3,0.369,0.5,2,0.227,2.2,5.3,0.423,0.4,1.5,1.8,0.803,0.5,1.9,2.4,2.2,0.5,0.4,1.4,1.6,7.3
Anfernee Simons,2018-19,19,POR,NBA,SG,6,0,7.3,0.8,3,0.278,0,1,0,0.8,2,0.417,0.278,0.2,0.7,0.25,0,1.2,1.2,0.3,0,0,0.5,0.5,1.8
Marcus Smart,2018-19,24,BOS,NBA,SG,38,18,26.1,2.4,6.1,0.395,1.2,3.7,0.338,1.2,2.5,0.479,0.496,1.4,1.8,0.765,0.8,2,2.8,4.1,1.8,0.3,1.4,2.5,7.4
Dennis Smith,2018-19,21,DAL,NBA,PG,26,26,28,4.9,11,0.446,1.4,3.9,0.366,3.5,7.1,0.489,0.511,1.8,2.7,0.686,0.6,2.2,2.8,4,1.3,0.4,3.1,2.5,13
Ish Smith,2018-19,30,DET,NBA,PG,22,0,24.4,3.9,9.3,0.415,1.1,3.5,0.329,2.7,5.9,0.465,0.476,0.4,0.5,0.667,0,1.9,1.9,3,0.5,0.3,1.1,2.4,9.2
J.R. Smith,2018-19,33,CLE,NBA,SG,11,4,20.2,2.5,7.2,0.342,1.1,3.5,0.308,1.4,3.6,0.375,0.418,0.7,0.9,0.8,0,1.6,1.6,1.9,1,0.3,1,1.7,6.7
Jason Smith,2018-19,32,TOT,NBA,C-PF,15,1,10.2,1.2,3,0.4,0.4,0.9,0.429,0.8,2.1,0.387,0.467,0.7,0.8,0.833,0.9,2.1,3,0.8,0.1,0.5,0.7,1.5,3.5
Tony Snell,2018-19,27,MIL,NBA,SG,37,4,17.8,2.4,5.2,0.455,1.2,3.2,0.393,1.1,2,0.554,0.576,0.7,0.8,0.9,0.4,1.7,2.1,0.8,0.4,0.2,0.4,1.2,6.7
Ray Spalding,2018-19,21,DAL,NBA,PF,1,0,1,0,0,0,0,0,0,0,0,0,0,0,0,0,0,0,0,0,0,0,0,0,0
Omari Spellman,2018-19,21,ATL,NBA,PF,23,8,17.7,2.2,5.6,0.388,0.9,2.7,0.323,1.3,2.9,0.448,0.465,1,1.3,0.767,1.8,2.5,4.3,1,0.7,0.6,0.7,1.5,6.2
Nik Stauskas,2018-19,25,POR,NBA,SG,38,0,15.9,2.2,5.3,0.414,1,2.9,0.342,1.2,2.4,0.5,0.507,0.8,0.9,0.909,0.3,1.6,1.8,1.4,0.3,0.1,1,0.8,6.2
D.J. Stephens,2018-19,28,MEM,NBA,SG,1,0,7,1,2,0.5,0,0,0,1,2,0.5,0.5,0,0,0,0,0,0,0,1,0,1,0,2
Lance Stephenson,2018-19,28,LAL,NBA,SG,38,0,15.2,2.9,6.6,0.45,1.1,2.7,0.388,1.9,3.8,0.493,0.53,0.5,0.7,0.731,0.5,2.6,3.1,1.9,0.6,0.1,1.3,1.7,7.4
Edmond Sumner,2018-19,23,IND,NBA,PG,7,0,4,0.3,1,0.286,0.1,0.4,0.333,0.1,0.6,0.25,0.357,0,0.3,0,0.3,0.1,0.4,0.1,0.1,0,0.4,0.6,0.7
Caleb Swanigan,2018-19,21,POR,NBA,PF,16,0,8.4,0.8,2.4,0.316,0.1,0.3,0.25,0.7,2.1,0.324,0.329,0.4,0.4,0.857,0.8,2.3,3.1,0.4,0.3,0,0.9,1.1,1.9
Jayson Tatum,2018-19,20,BOS,NBA,SF,38,38,31.3,5.9,13.3,0.445,1.7,4.7,0.367,4.2,8.7,0.486,0.509,2.5,2.9,0.848,1.1,5.4,6.5,1.8,1.1,0.7,1.6,2.2,16.1
Jeff Teague,2018-19,30,MIN,NBA,PG,24,24,31.4,3.9,9.8,0.402,0.9,2.7,0.344,3,7.1,0.424,0.449,3.3,4,0.833,0.4,1.9,2.3,8.4,1,0.5,2.3,2.3,12.1
Garrett Temple,2018-19,32,MEM,NBA,SG,38,38,32,3.6,8.1,0.448,1.5,4.2,0.365,2.1,3.9,0.537,0.542,1.4,1.8,0.786,0.3,2.8,3.1,1.3,1.2,0.4,1,2.8,10.2
Milos Teodosic,2018-19,31,LAC,NBA,PG,15,0,10,1.1,2.7,0.425,0.7,1.8,0.37,0.5,0.9,0.538,0.55,0.3,0.5,0.571,0.2,0.9,1.1,2.1,0.2,0.1,1.4,1.8,3.2
Jared Terrell,2018-19,23,MIN,NBA,SG,2,0,12,0.5,5.5,0.091,0.5,1.5,0.333,0,4,0,0.136,0.5,1,0.5,0.5,0.5,1,1,1,0.5,1,1,2
Daniel Theis,2018-19,26,BOS,NBA,C,28,2,15.7,2.6,4.9,0.537,0.5,1.3,0.429,2.1,3.6,0.574,0.592,1.1,1.5,0.698,1.5,2.7,4.1,1.1,0.3,0.6,0.8,3,6.8
Khyri Thomas,2018-19,22,DET,NBA,SG,7,0,7.1,0.9,2.3,0.375,0.6,1.3,0.444,0.3,1,0.286,0.5,0.9,1.3,0.667,0.3,1,1.3,0.4,0.1,0,0.3,0.6,3.1
Lance Thomas,2018-19,30,NYK,NBA,PF,16,5,15.1,1.3,3.4,0.364,0.3,1.4,0.227,0.9,2.1,0.455,0.409,0.7,0.8,0.846,0.4,1.9,2.3,0.5,0.7,0.2,0.6,2.2,3.5
Klay Thompson,2018-19,28,GSW,NBA,SG,39,39,34.7,8.3,18.7,0.442,2.5,7.3,0.349,5.7,11.4,0.502,0.51,2.1,2.6,0.81,0.4,3.8,4.2,2.1,1.2,0.7,1.7,2.1,21.1
Tristan Thompson,2018-19,27,CLE,NBA,C,29,29,30,5.1,9.5,0.542,0,0,0,5.1,9.5,0.542,0.542,1.6,2.6,0.627,4.8,6.5,11.3,2,0.8,0.4,1.4,2.3,11.9
Sindarius Thornwell,2018-19,24,LAC,NBA,SG,23,0,5.7,0.4,1,0.435,0,0.3,0.143,0.4,0.7,0.563,0.457,0.3,0.4,0.889,0,1,1,0.4,0.1,0.1,0.5,1,1.3
Anthony Tolliver,2018-19,33,MIN,NBA,PF,24,0,14.9,1.5,3.5,0.429,1.2,3,0.397,0.3,0.5,0.636,0.601,0.5,0.7,0.688,0.3,1.8,2.1,0.6,0.4,0.4,0.6,1.4,4.7
Karl-Anthony Towns,2018-19,23,MIN,NBA,C,39,39,33.8,8,16.2,0.493,1.7,4.6,0.382,6.2,11.6,0.536,0.547,4.4,5.3,0.829,3.3,8.9,12.2,3,0.9,1.9,3,3.7,22.1
Gary Trent,2018-19,20,POR,NBA,SG,3,0,6.7,1.3,4.3,0.308,0.7,1.7,0.4,0.7,2.7,0.25,0.385,0,0.7,0,0,1.3,1.3,0,0,0,0.3,0.3,3.3
Allonzo Trier,2018-19,23,NYK,NBA,SG,32,3,22.3,3.5,8,0.44,0.6,1.6,0.385,2.9,6.4,0.454,0.479,2.6,3.3,0.8,0.5,2.4,2.9,1.8,0.4,0.3,1.8,1.7,10.3
P.J. Tucker,2018-19,33,HOU,NBA,PF,37,37,35.1,2.7,6.7,0.407,1.9,4.8,0.385,0.9,1.9,0.464,0.546,0.5,0.8,0.613,1.4,5,6.4,1,1.2,0.4,0.9,3.1,7.8
Evan Turner,2018-19,30,POR,NBA,PG,38,1,24.6,3.3,7.1,0.459,0.1,0.8,0.129,3.2,6.3,0.502,0.467,0.9,1.4,0.692,0.6,4.2,4.8,3.9,0.6,0.3,2,1.9,7.6
Myles Turner,2018-19,22,IND,NBA,C,37,37,27.9,5.3,10.5,0.509,0.7,1.9,0.391,4.6,8.6,0.535,0.544,1.5,2.2,0.695,1.4,5.7,7.1,1.8,0.4,2.8,1.6,2.7,12.9
Ekpe Udoh,2018-19,31,UTA,NBA,C,25,0,5.7,0.9,1.1,0.821,0,0,0,0.9,1.1,0.821,0.821,0.2,0.5,0.5,0.4,0.9,1.3,0.4,0.1,0.5,0.3,0.8,2.1
Tyler Ulis,2018-19,23,CHI,NBA,PG,1,0,1,0,0,0,0,0,0,0,0,0,0,0,0,0,0,0,0,0,0,0,0,0,0
Jonas Valanciunas,2018-19,26,TOR,NBA,C,30,10,18.8,5,8.6,0.575,0.3,1,0.3,4.7,7.6,0.611,0.593,2.6,3.1,0.819,1.8,5.4,7.2,1,0.4,0.8,1.3,2.7,12.8
Fred VanVleet,2018-19,24,TOR,NBA,PG,35,13,26.3,3.7,9.1,0.408,1.6,4.5,0.357,2.1,4.6,0.457,0.495,1.1,1.5,0.784,0.4,2.1,2.6,4.3,0.9,0.2,1.3,1.6,10.2
Noah Vonleh,2018-19,23,NYK,NBA,PF,39,32,26.8,3,6.4,0.464,0.8,2.1,0.395,2.2,4.3,0.497,0.528,1.8,2.4,0.742,2,6.7,8.7,2.1,0.8,0.9,1.3,2.8,8.5
Nikola Vucevic,2018-19,28,ORL,NBA,C,37,37,30.9,8.5,15.9,0.535,1.1,3,0.378,7.4,12.9,0.571,0.571,2.2,2.9,0.783,2.6,9.1,11.7,3.6,1,1.2,2,2,20.4
Dwyane Wade,2018-19,37,MIA,NBA,SG,28,0,25.5,5.2,12.6,0.414,1.3,4,0.319,3.9,8.6,0.458,0.465,2.4,3.5,0.701,0.9,2.7,3.6,3.9,0.6,0.5,2.3,1.7,14.1
Moritz Wagner,2018-19,21,LAL,NBA,C,10,0,5.8,1.1,2.8,0.393,0.6,1.3,0.462,0.5,1.5,0.333,0.5,0.3,0.6,0.5,0.3,1.1,1.4,0.7,0.1,0,0.4,0.9,3.1
Dion Waiters,2018-19,27,MIA,NBA,SG,1,0,11,3,9,0.333,1,6,0.167,2,3,0.667,0.389,0,2,0,0,2,2,3,0,0,0,0,7
Kemba Walker,2018-19,28,CHO,NBA,PG,37,37,34.5,8.8,19.8,0.441,3.3,9.1,0.364,5.5,10.8,0.506,0.525,4.6,5.6,0.822,0.4,3.8,4.3,6,1.3,0.5,2.4,1.6,25.4
John Wall,2018-19,28,WAS,NBA,PG,32,32,34.5,7.7,17.3,0.444,1.6,5.3,0.302,6.1,12,0.507,0.49,3.8,5.5,0.697,0.5,3.2,3.6,8.7,1.5,0.9,3.8,2.2,20.7
Tyrone Wallace,2018-19,24,LAC,NBA,PG,28,0,9.3,1.7,3.6,0.471,0,0.3,0,1.7,3.4,0.511,0.471,0.4,0.8,0.522,0.4,1,1.4,0.5,0.4,0.2,0.4,1.3,3.9
Taurean Waller-Prince,2018-19,24,ATL,NBA,SF,21,20,28.7,5.2,12.1,0.431,2.4,6.6,0.367,2.8,5.5,0.509,0.531,2.1,2.6,0.833,0.3,3.7,4,2.3,1.1,0.3,2.6,3,15
Brad Wanamaker,2018-19,29,BOS,NBA,PG,15,0,8,1.1,2.3,0.457,0.4,0.9,0.462,0.7,1.5,0.455,0.543,0.3,0.4,0.833,0,1,1,1.5,0.4,0,0.6,0.4,2.9
T.J. Warren,2018-19,25,PHO,NBA,SF,34,27,31,7.1,14.2,0.499,1.9,4.4,0.439,5.2,9.9,0.525,0.566,2.4,2.9,0.828,0.7,3.3,4,1.5,1.2,0.7,1.2,2.9,18.5
Yuta Watanabe,2018-19,24,MEM,NBA,SG,3,0,5.3,0.3,1,0.333,0,0.3,0,0.3,0.7,0.5,0.333,0.7,0.7,1,0,1.7,1.7,0,0,0.3,0.3,0,1.3
Thomas Welsh,2018-19,22,DEN,NBA,C,8,0,3.1,0.6,1.3,0.5,0.4,0.9,0.429,0.3,0.4,0.667,0.65,0,0,0,0,0.4,0.4,0.4,0,0,0.1,0.1,1.6
Russell Westbrook,2018-19,30,OKC,NBA,PG,30,30,34.7,8.2,19.6,0.418,1.1,4.7,0.232,7.1,14.9,0.478,0.446,3.6,5.6,0.633,1.3,9.5,10.8,10,2.7,0.3,4.6,3.5,21.1
Derrick White,2018-19,24,SAS,NBA,PG,30,18,22.8,2.9,6.4,0.453,0.6,1.8,0.321,2.3,4.6,0.504,0.497,0.9,1.1,0.788,0.4,2.5,2.9,3.5,1,0.4,1.4,1.7,7.2
Okaro White,2018-19,26,WAS,NBA,PF,3,0,2,0,0.7,0,0,0.7,0,0,0,0,0,0,0,0,0.3,0.3,0.7,0,0,0,0,0,0
Hassan Whiteside,2018-19,29,MIA,NBA,C,32,32,26.4,5.6,10.7,0.522,0.1,0.4,0.154,5.5,10.3,0.536,0.525,1.9,4.2,0.448,3.9,9,13,0.8,0.6,2.5,1.7,2.9,13.1
Andrew Wiggins,2018-19,23,MIN,NBA,SF,35,35,33.9,6.3,15.5,0.403,1.7,4.8,0.345,4.6,10.7,0.429,0.457,2.8,3.9,0.728,0.8,3.1,3.9,2.3,1.1,0.5,1.7,1.9,17
C.J. Williams,2018-19,28,MIN,NBA,SG,6,0,8.8,0.8,2.3,0.357,0,1,0,0.8,1.3,0.625,0.357,0,0,0,0,0.3,0.3,0.5,0.2,0,0.5,1.7,1.7
Johnathan Williams,2018-19,23,LAL,NBA,C,7,0,12.7,1.6,2.9,0.55,0,0,0,1.6,2.9,0.55,0.55,0.1,0.7,0.2,1.6,1.4,3,0.6,0.1,0.6,0.3,2.9,3.3
Kenrich Williams,2018-19,24,NOP,NBA,SF,10,0,5.1,0.5,1.4,0.357,0.1,0.3,0.333,0.4,1.1,0.364,0.393,0,0,0,0.2,0.8,1,0,0.1,0,0.2,1.1,1.1
Lou Williams,2018-19,32,LAC,NBA,SG,34,0,25.3,5.8,13.9,0.418,1.3,3.6,0.369,4.5,10.4,0.435,0.465,5.4,5.9,0.901,0.4,2.2,2.6,4.8,0.6,0.1,2.4,0.9,18.3
Marvin Williams,2018-19,32,CHO,NBA,PF,36,36,27.1,3.5,8.4,0.422,1.9,4.9,0.383,1.7,3.5,0.476,0.533,0.8,1.2,0.714,0.8,4.7,5.6,1.1,0.8,0.7,0.5,2.3,9.8
Robert Williams,2018-19,21,BOS,NBA,C,16,0,8.9,1.3,1.8,0.75,0,0,0,1.3,1.8,0.75,0.75,0.4,0.6,0.6,1.1,1.7,2.8,0.1,0.2,1.6,0.4,0.9,3
Troy Williams,2018-19,24,SAC,NBA,SF,18,0,15.9,2.2,4.8,0.46,0.8,2.3,0.341,1.4,2.6,0.565,0.54,0.5,0.8,0.6,0.5,2.6,3.1,0.6,0.6,0.4,0.4,1.9,5.7
D.J. Wilson,2018-19,22,MIL,NBA,PF,11,0,18.5,2.4,4.9,0.481,1,2.1,0.478,1.4,2.8,0.484,0.583,0.7,1.4,0.533,1.1,4.4,5.5,1,0.4,0.5,0.3,2,6.5
Justise Winslow,2018-19,22,MIA,NBA,PF,32,19,28.6,4.4,10.6,0.414,1.3,3.5,0.369,3.1,7.1,0.436,0.475,1.5,2.3,0.671,1,4.2,5.2,4,1.1,0.3,2.1,2.4,11.6
Christian Wood,2018-19,23,MIL,NBA,PF,6,0,6.2,1.5,2.8,0.529,0.3,0.7,0.5,1.2,2.2,0.538,0.588,0.8,1,0.833,0.7,2,2.7,0.3,0,0,0.3,0.3,4.2
Delon Wright,2018-19,26,TOR,NBA,PG,35,2,18.2,2.5,5.8,0.426,0.7,2,0.329,1.8,3.8,0.478,0.483,0.9,1,0.882,0.8,1.7,2.5,2,0.8,0.3,0.8,0.9,6.5
Guerschon Yabusele,2018-19,23,BOS,NBA,PF,21,0,6,0.7,1.7,0.4,0.1,0.7,0.214,0.5,1,0.524,0.443,0.4,0.6,0.75,0.4,0.6,1,0.4,0.2,0.2,0.3,1.1,1.9
Nick Young,2018-19,33,DEN,NBA,SG,4,0,9.3,0.8,2.3,0.333,0.8,2,0.375,0,0.3,0,0.5,0,0,0,0,0.3,0.3,0.5,0,0.3,0.5,1,2.3
Thaddeus Young,2018-19,30,IND,NBA,PF,38,38,30.2,5.3,10.2,0.523,0.3,1.3,0.255,5,8.8,0.564,0.54,1.2,2.1,0.577,2.1,3.7,5.8,1.6,1.6,0.5,1.2,2.3,12.2
Trae Young,2018-19,20,ATL,NBA,PG,38,38,29.4,5.4,13.7,0.392,1.4,4.9,0.282,4,8.7,0.455,0.443,3.2,4,0.789,0.6,2.3,2.9,7.5,0.8,0.3,4,1.6,15.3
Cody Zeller,2018-19,26,CHO,NBA,C,35,35,24.5,3.7,6.6,0.558,0.1,0.5,0.313,3.5,6.1,0.577,0.569,1.8,2.2,0.842,2.1,4.2,6.2,2.1,0.7,0.8,1.3,3.2,9.3
Ante Zizic,2018-19,22,CLE,NBA,C,24,2,10.8,1.5,3.3,0.474,0,0,0,1.5,3.3,0.474,0.474,0.8,1.4,0.606,1.2,2.2,3.4,0.5,0.1,0.3,0.9,1.3,3.9
Ivica Zubac,2018-19,21,LAL,NBA,C,18,5,12.9,2.6,4.4,0.595,0,0,0,2.6,4.4,0.595,0.595,0.8,0.8,0.933,1.3,2.5,3.8,0.7,0.2,0.9,0.7,1.8,6
